contest, numbers
1,"2,3,5,6,9,10,11,13,14,16,18,20,23,24,25"
2,"1,4,5,6,7,9,11,12,13,15,16,19,20,23,24"
3,"1,4,6,7,8,9,10,11,12,14,16,17,20,23,24"
4,"1,2,4,5,8,10,12,13,16,17,18,19,23,24,25"
5,"1,2,4,8,9,11,12,13,15,16,19,20,23,24,25"
6,"1,2,4,5,6,7,10,12,15,16,17,19,21,23,25"
7,"1,4,7,8,10,12,14,15,16,18,19,21,22,23,25"
8,"1,5,6,8,9,10,13,15,16,17,18,19,20,22,25"
9,"3,4,5,9,10,11,13,15,16,17,19,20,21,24,25"
10,"2,3,4,5,6,8,9,10,11,12,14,19,20,23,24"
11,"2,6,7,8,9,10,11,12,16,19,20,22,23,24,25"
12,"1,2,4,5,7,8,9,10,11,12,14,16,17,24,25"
13,"3,5,6,7,8,9,10,11,13,14,15,16,17,19,23"
14,"1,2,5,6,7,9,13,14,15,18,19,20,21,23,25"
15,"1,2,4,6,8,10,12,15,16,18,19,21,23,24,25"
16,"2,5,6,7,8,10,12,13,15,17,19,21,23,24,25"
17,"1,2,3,5,6,7,9,13,14,16,17,18,19,20,21"
18,"2,6,7,8,10,11,14,15,17,18,19,20,22,23,24"
19,"2,5,6,7,8,10,11,13,14,15,16,17,20,23,24"
20,"3,4,6,7,8,9,10,14,16,17,18,19,20,23,24"
21,"1,2,4,5,8,11,14,16,18,19,20,22,23,24,25"
22,"1,2,3,4,5,6,7,9,10,12,13,14,15,22,25"
23,"1,3,4,5,6,8,10,11,12,14,16,17,18,19,20"
24,"1,2,3,5,7,10,11,14,17,19,20,21,23,24,25"
25,"1,2,3,4,5,6,7,9,13,14,16,20,22,23,24"
26,"5,7,8,9,10,11,13,14,16,17,19,20,21,22,23"
27,"3,6,8,10,11,12,13,14,15,18,20,21,22,24,25"
28,"1,3,7,9,10,11,12,13,14,16,17,18,19,20,21"
29,"1,4,5,6,8,9,13,14,16,17,19,20,21,22,24"
30,"1,2,3,4,6,7,8,11,14,17,19,20,21,22,23"
31,"1,2,3,4,9,13,14,15,17,19,20,21,22,24,25"
32,"1,2,4,6,7,9,10,11,14,15,16,17,20,22,23"
33,"1,2,5,7,8,10,11,12,14,16,19,20,21,23,24"
34,"1,2,4,7,8,9,10,11,15,16,18,19,20,21,23"
35,"1,4,5,6,11,12,13,14,16,17,19,21,22,23,25"
36,"1,4,5,7,8,10,11,14,17,19,20,21,22,23,24"
37,"1,3,4,5,8,9,10,11,13,15,20,21,22,23,24"
38,"1,2,3,6,7,8,9,10,13,14,15,16,22,24,25"
39,"2,7,8,9,11,13,14,15,17,18,19,21,22,23,24"
40,"1,2,5,7,8,10,12,13,14,16,17,20,21,22,24"
41,"2,3,4,9,12,13,15,16,17,18,19,20,21,23,25"
42,"1,3,4,5,6,8,11,12,14,15,17,21,22,24,25"
43,"1,3,6,7,8,9,10,14,17,18,19,20,22,23,24"
44,"3,4,5,6,10,11,12,13,14,18,19,21,23,24,25"
45,"1,2,3,5,7,9,14,16,17,18,19,21,23,24,25"
46,"1,2,4,5,6,8,10,11,14,18,19,21,23,24,25"
47,"1,2,3,4,5,6,8,10,11,13,15,18,20,22,25"
48,"2,5,6,7,11,13,15,16,17,18,19,20,21,22,23"
49,"2,4,5,6,8,11,13,15,16,19,20,21,22,23,24"
50,"1,2,3,6,7,9,10,11,12,13,19,20,21,23,25"
51,"1,3,5,6,7,8,11,13,14,16,17,20,21,22,23"
52,"1,2,4,8,9,11,12,13,15,16,21,22,23,24,25"
53,"1,2,3,6,7,9,11,12,14,17,18,19,20,23,24"
54,"2,4,5,6,7,8,9,12,14,16,18,20,21,22,24"
55,"2,3,4,5,6,7,8,9,12,13,15,16,18,19,25"
56,"1,2,5,9,12,13,14,15,16,17,19,20,22,23,24"
57,"1,2,3,4,6,7,8,11,12,17,19,20,21,22,25"
58,"3,4,5,6,11,12,13,14,15,16,17,18,19,20,22"
59,"1,3,5,6,7,8,10,11,13,14,15,19,20,23,25"
60,"1,2,3,4,5,8,11,16,17,18,19,22,23,24,25"
61,"1,4,5,9,11,12,13,14,15,16,19,20,22,23,25"
62,"1,3,7,8,9,11,13,14,15,16,17,18,20,24,25"
63,"4,8,9,10,11,12,13,16,17,19,20,21,22,24,25"
64,"1,2,3,6,7,8,9,10,13,14,17,18,20,23,25"
65,"1,2,4,7,10,15,16,17,18,19,20,21,22,23,25"
66,"1,2,4,8,10,11,14,15,16,17,20,21,22,23,24"
67,"5,7,8,9,10,11,12,13,15,16,20,21,22,23,24"
68,"1,2,3,5,6,7,8,9,10,12,16,17,22,23,25"
69,"1,4,7,8,9,10,11,15,17,18,19,20,21,23,24"
70,"1,2,3,5,6,9,10,12,14,15,16,19,20,24,25"
71,"1,3,5,6,8,9,11,13,14,15,16,18,21,22,23"
72,"1,2,5,7,8,11,12,13,15,16,17,18,23,24,25"
73,"1,2,5,7,10,11,13,14,15,16,17,18,19,21,25"
74,"1,2,3,4,5,6,8,11,13,15,16,18,22,23,25"
75,"1,3,4,5,6,7,8,10,11,13,15,16,17,20,25"
76,"1,3,5,8,9,10,12,13,15,16,17,19,21,23,25"
77,"2,3,4,6,8,9,11,14,17,18,20,21,22,24,25"
78,"1,2,3,5,6,7,8,12,13,15,16,17,18,20,23"
79,"1,2,3,5,9,12,14,15,17,18,20,22,23,24,25"
80,"1,2,3,4,5,7,9,10,14,15,17,18,20,22,25"
81,"1,2,3,4,5,6,7,10,11,13,15,16,17,19,21"
82,"1,4,5,6,8,9,12,13,15,17,18,19,20,22,23"
83,"1,2,3,5,6,8,10,11,12,13,14,20,23,24,25"
84,"1,2,4,6,8,12,15,16,17,19,20,22,23,24,25"
85,"1,2,5,7,8,9,11,13,14,15,16,18,21,22,23"
86,"2,4,5,6,8,9,12,13,14,17,18,19,23,24,25"
87,"1,2,3,5,8,9,10,11,13,15,18,20,22,24,25"
88,"1,2,4,5,8,9,10,11,12,14,17,18,19,24,25"
89,"1,6,11,12,13,15,16,17,19,20,21,22,23,24,25"
90,"1,2,3,8,10,11,12,15,17,20,21,22,23,24,25"
91,"1,4,9,10,11,12,13,14,15,16,17,20,22,23,25"
92,"1,2,4,6,8,12,13,14,15,17,18,19,21,22,24"
93,"2,4,5,6,7,9,10,13,17,18,19,20,21,23,24"
94,"2,4,8,9,11,12,13,15,16,17,18,21,22,23,24"
95,"1,2,3,4,5,10,11,12,14,15,17,18,19,20,22"
96,"3,4,6,9,10,12,14,16,17,18,19,21,22,23,24"
97,"3,4,6,10,12,13,14,15,17,19,20,22,23,24,25"
98,"1,2,5,6,8,10,11,15,17,18,20,22,23,24,25"
99,"1,2,3,4,7,10,11,13,14,16,17,20,21,24,25"
100,"1,3,4,8,9,10,11,12,13,14,16,17,22,23,25"
101,"1,3,6,7,9,10,13,14,16,17,19,20,21,23,24"
102,"1,2,3,4,7,9,10,11,12,18,19,21,22,23,25"
103,"1,2,3,4,5,7,8,10,11,16,17,18,22,23,25"
104,"5,6,7,10,11,13,14,15,16,18,19,21,22,24,25"
105,"4,6,7,8,9,10,11,12,13,15,17,19,21,22,25"
106,"1,2,3,4,5,6,10,12,13,14,15,17,22,23,25"
107,"1,3,4,6,7,8,9,11,12,15,17,18,21,24,25"
108,"1,2,4,7,8,9,11,12,14,15,16,18,22,23,25"
109,"1,3,5,7,9,11,12,13,16,18,20,21,23,24,25"
110,"1,3,4,5,6,12,13,14,17,19,20,21,22,23,25"
111,"1,5,6,10,11,12,13,15,17,18,19,21,22,24,25"
112,"1,2,3,4,6,10,11,14,15,17,18,19,20,21,23"
113,"1,2,4,5,6,8,11,12,13,14,19,20,21,24,25"
114,"1,2,3,6,7,8,9,10,11,14,20,21,22,24,25"
115,"1,4,5,6,7,9,11,12,13,16,17,18,20,21,25"
116,"1,2,9,10,11,12,13,14,16,18,19,20,21,23,25"
117,"5,6,7,9,10,11,12,13,14,15,17,18,20,23,25"
118,"2,4,5,6,8,12,13,14,15,18,19,21,22,23,24"
119,"1,4,6,8,9,10,11,15,17,18,20,21,22,23,24"
120,"1,3,5,7,8,11,12,13,15,16,18,19,20,21,24"
121,"1,2,4,5,7,9,10,11,12,16,17,18,23,24,25"
122,"1,2,4,5,8,9,10,13,15,17,18,20,22,23,25"
123,"4,5,6,7,11,12,13,17,18,19,20,21,22,23,24"
124,"2,3,4,6,7,9,14,15,16,18,19,20,21,24,25"
125,"2,3,4,6,7,9,10,11,12,15,16,21,22,24,25"
126,"1,2,3,4,6,7,8,13,14,16,18,21,22,24,25"
127,"1,2,3,4,5,7,10,11,12,13,18,19,22,23,25"
128,"2,3,4,6,11,13,14,15,16,17,19,20,21,23,25"
129,"2,5,6,7,9,11,13,15,18,19,20,21,22,23,25"
130,"2,3,4,5,6,9,10,12,13,15,17,19,23,24,25"
131,"2,4,5,6,7,8,11,12,13,15,19,20,22,23,25"
132,"1,3,4,5,7,9,10,11,14,15,16,17,22,23,25"
133,"1,3,4,5,8,9,11,13,15,18,19,20,21,22,23"
134,"1,3,5,7,8,10,11,12,13,14,16,17,19,22,25"
135,"1,2,5,7,8,10,13,14,15,18,19,20,21,22,25"
136,"1,2,3,5,6,9,12,13,14,15,17,21,22,23,24"
137,"2,6,8,9,10,11,12,13,16,17,18,19,20,21,25"
138,"2,3,4,5,7,8,11,13,15,16,17,21,22,24,25"
139,"1,2,7,9,12,14,15,16,17,18,19,21,22,23,24"
140,"1,2,3,6,9,10,12,13,15,18,19,20,22,24,25"
141,"1,3,7,8,9,10,12,13,16,17,18,19,20,24,25"
142,"1,2,4,5,6,7,9,15,16,17,18,19,22,23,24"
143,"1,2,8,9,11,13,15,16,17,19,21,22,23,24,25"
144,"1,2,4,7,9,11,12,14,17,19,20,21,22,24,25"
145,"1,2,3,9,10,11,13,14,15,17,18,20,22,24,25"
146,"1,2,5,8,10,11,12,13,14,16,17,22,23,24,25"
147,"1,2,4,5,6,10,11,12,13,16,19,21,22,23,25"
148,"1,2,4,5,8,9,12,13,16,17,20,21,22,24,25"
149,"2,5,7,9,10,13,15,16,17,18,19,20,23,24,25"
150,"1,3,5,6,7,8,9,11,14,19,21,22,23,24,25"
151,"3,4,5,7,9,10,11,12,13,14,16,18,20,23,24"
152,"3,4,5,6,7,8,13,15,17,19,20,22,23,24,25"
153,"1,2,4,5,8,11,12,13,17,18,20,21,23,24,25"
154,"1,2,3,5,6,9,10,11,13,14,15,16,18,23,24"
155,"2,4,5,8,10,11,14,15,16,18,19,20,21,22,24"
156,"1,3,4,8,9,10,11,12,13,14,15,19,20,22,23"
157,"1,2,4,6,7,9,10,12,14,16,18,19,21,24,25"
158,"2,7,8,9,10,11,12,15,16,17,18,19,20,22,23"
159,"1,2,3,4,5,6,8,10,11,14,15,17,20,24,25"
160,"1,3,4,9,10,11,12,14,15,16,17,19,20,21,24"
161,"1,5,8,11,13,15,16,17,18,20,21,22,23,24,25"
162,"1,2,3,4,5,6,8,11,12,13,16,18,20,23,24"
163,"1,2,3,5,6,7,9,13,14,15,20,21,23,24,25"
164,"1,2,3,5,6,8,10,11,14,15,18,21,22,23,24"
165,"1,2,4,6,8,9,12,13,14,15,17,18,19,22,25"
166,"2,3,4,8,9,10,13,14,15,18,19,20,21,22,23"
167,"1,2,3,6,8,9,10,13,14,16,18,19,22,23,24"
168,"1,2,3,4,7,10,12,15,16,17,19,20,22,23,24"
169,"1,4,5,6,7,8,9,10,11,12,15,16,20,21,24"
170,"1,3,4,5,6,7,8,10,13,16,18,20,22,23,25"
171,"1,3,4,10,11,12,13,15,16,17,21,22,23,24,25"
172,"1,2,4,6,7,9,10,11,12,13,18,20,21,22,25"
173,"2,3,4,5,7,8,11,15,19,20,21,22,23,24,25"
174,"1,2,4,7,9,10,11,12,13,15,17,20,23,24,25"
175,"2,3,5,6,7,11,12,13,14,15,16,18,19,21,24"
176,"2,4,10,11,12,13,15,16,17,18,21,22,23,24,25"
177,"2,6,7,8,10,11,13,15,16,17,19,20,21,23,24"
178,"2,3,4,6,8,9,10,14,16,19,20,21,23,24,25"
179,"2,3,4,5,7,9,13,14,15,17,19,22,23,24,25"
180,"1,2,3,4,5,6,7,8,10,11,15,17,20,24,25"
181,"1,4,5,6,7,8,14,15,16,17,19,20,21,22,23"
182,"2,3,4,7,8,9,11,13,14,17,19,21,22,23,25"
183,"2,4,6,7,8,11,13,14,16,19,20,21,23,24,25"
184,"1,3,7,8,9,10,11,15,16,17,18,19,21,23,25"
185,"1,2,4,6,7,8,9,11,12,15,17,19,20,23,25"
186,"2,4,5,6,11,12,13,16,17,18,19,22,23,24,25"
187,"1,3,11,12,13,15,16,17,18,19,21,22,23,24,25"
188,"2,3,5,8,10,11,13,16,19,20,21,22,23,24,25"
189,"1,2,4,5,6,7,9,13,16,18,19,20,22,23,24"
190,"1,3,4,5,7,8,11,13,14,15,16,18,19,23,24"
191,"2,5,8,9,10,12,13,15,17,18,19,20,21,22,23"
192,"1,2,3,4,5,6,11,13,14,15,16,21,22,23,24"
193,"1,2,3,4,5,8,9,10,14,15,16,19,20,21,25"
194,"2,7,8,9,10,12,13,14,15,17,18,21,22,23,25"
195,"2,3,4,6,7,8,9,11,12,14,17,18,19,22,23"
196,"2,3,4,5,10,14,15,16,17,19,20,22,23,24,25"
197,"3,4,5,6,7,8,9,10,12,13,18,20,21,22,23"
198,"1,2,4,5,6,7,13,14,15,16,17,18,20,21,25"
199,"1,2,3,4,5,6,9,11,12,15,19,20,21,22,23"
200,"1,2,4,5,8,9,11,12,13,14,15,16,21,23,24"
201,"1,2,4,5,8,9,10,11,12,13,14,15,19,20,22"
202,"1,3,5,10,11,13,14,16,17,18,19,21,22,23,24"
203,"1,2,3,4,5,6,7,12,13,14,17,18,23,24,25"
204,"2,3,4,5,7,8,11,14,15,16,17,22,23,24,25"
205,"2,3,4,9,10,11,12,14,15,16,17,18,21,22,25"
206,"2,3,5,8,9,11,12,13,14,15,16,17,20,21,22"
207,"1,2,3,4,6,9,10,12,13,14,15,17,19,20,22"
208,"1,3,4,6,7,9,10,11,12,14,15,16,19,23,24"
209,"1,3,5,6,7,9,10,14,15,18,19,21,22,24,25"
210,"3,5,7,9,10,11,13,14,15,16,18,21,22,23,24"
211,"1,2,4,6,8,10,11,12,14,16,17,18,22,24,25"
212,"1,3,4,6,8,9,10,11,12,14,16,19,20,22,23"
213,"1,3,4,5,8,9,10,11,16,18,19,21,23,24,25"
214,"1,2,3,4,9,11,13,14,15,18,19,20,22,24,25"
215,"1,3,4,5,7,9,11,12,14,15,17,18,19,23,25"
216,"2,3,4,5,6,7,9,10,11,13,17,19,21,24,25"
217,"2,3,4,5,6,7,9,10,11,12,16,17,19,21,25"
218,"2,5,7,8,11,12,13,14,15,16,17,20,21,22,25"
219,"2,3,6,8,9,11,14,16,17,18,19,22,23,24,25"
220,"5,9,10,12,13,14,15,16,17,18,20,21,23,24,25"
221,"1,2,3,6,7,8,10,12,16,17,19,20,21,23,25"
222,"1,3,4,5,6,7,8,9,12,15,18,21,22,23,24"
223,"2,4,7,9,10,11,12,13,14,16,20,21,22,23,24"
224,"4,6,8,9,10,11,12,13,15,18,19,20,21,23,24"
225,"1,2,3,5,7,8,13,14,15,18,19,20,22,23,25"
226,"4,5,8,10,11,13,14,15,16,17,18,19,20,21,25"
227,"1,5,7,8,9,10,12,14,15,17,18,19,20,21,22"
228,"2,4,10,11,12,13,14,15,16,17,18,19,20,24,25"
229,"2,6,8,9,10,11,12,13,14,15,16,17,20,23,25"
230,"1,2,3,4,5,6,8,10,11,13,14,15,17,22,24"
231,"1,2,5,6,7,10,12,15,16,17,18,19,21,24,25"
232,"4,5,6,9,11,12,13,14,16,17,18,21,23,24,25"
233,"1,2,3,4,5,6,7,8,9,12,13,14,17,19,21"
234,"1,2,3,4,5,9,11,12,13,14,15,17,21,22,24"
235,"1,8,10,12,13,14,15,16,17,18,19,21,23,24,25"
236,"1,3,4,5,7,8,9,12,13,15,16,21,22,23,25"
237,"4,5,6,7,9,12,13,15,16,18,19,20,21,22,23"
238,"1,3,4,6,11,12,13,14,15,17,19,20,21,23,24"
239,"1,3,5,6,7,9,10,13,14,15,16,19,22,23,25"
240,"1,2,4,9,10,11,13,14,15,16,18,19,21,22,23"
241,"3,4,5,8,9,12,13,14,15,17,20,21,23,24,25"
242,"2,5,6,8,9,13,14,15,16,17,18,19,21,22,23"
243,"1,2,3,4,5,7,12,13,16,17,18,20,21,23,25"
244,"3,5,6,7,9,10,11,12,14,15,18,20,21,22,24"
245,"1,2,6,7,9,10,11,12,14,15,16,18,19,24,25"
246,"1,4,5,7,8,9,10,12,13,15,17,18,21,24,25"
247,"1,2,3,4,7,8,9,14,15,16,17,19,22,23,25"
248,"1,2,5,8,9,10,11,12,13,15,16,19,20,21,25"
249,"4,5,7,8,9,10,12,14,15,17,18,21,22,23,25"
250,"1,2,3,5,9,10,12,13,15,16,17,18,19,21,23"
251,"3,4,5,6,9,10,13,15,16,18,19,21,22,23,25"
252,"2,3,4,6,8,11,14,15,17,18,19,22,23,24,25"
253,"1,4,5,6,7,8,11,12,13,15,18,19,21,22,23"
254,"2,3,4,5,6,7,8,9,11,13,14,15,16,20,23"
255,"1,2,3,4,6,9,10,14,15,16,17,21,22,23,24"
256,"1,2,6,7,8,9,10,12,13,15,16,18,20,22,24"
257,"1,3,6,7,9,10,12,13,14,16,17,18,19,22,24"
258,"2,4,5,6,9,12,13,14,17,19,20,21,22,24,25"
259,"3,5,6,7,8,9,10,15,18,19,20,21,22,24,25"
260,"1,3,4,5,6,7,8,9,11,13,14,18,19,20,24"
261,"1,2,4,5,6,7,11,13,15,16,17,19,20,21,25"
262,"3,4,6,7,8,9,12,13,14,15,17,20,21,23,24"
263,"1,4,7,8,9,10,11,14,15,16,18,19,21,23,24"
264,"1,3,4,6,8,9,12,13,16,19,20,21,22,23,25"
265,"1,5,7,8,11,12,13,15,16,17,18,19,20,22,24"
266,"1,3,4,5,6,7,9,11,14,15,18,19,21,22,24"
267,"2,3,4,5,6,9,11,12,13,14,15,17,21,23,24"
268,"5,6,7,8,9,10,12,14,15,16,18,19,20,23,25"
269,"1,2,4,6,10,13,14,15,16,17,18,19,22,23,24"
270,"1,3,4,5,6,7,8,9,14,16,18,19,23,24,25"
271,"1,2,4,5,6,8,11,12,16,18,19,20,21,24,25"
272,"1,2,4,5,8,9,11,12,13,15,17,20,23,24,25"
273,"1,5,6,7,10,12,15,16,17,18,19,20,21,24,25"
274,"2,4,5,6,7,10,11,12,14,15,17,20,21,23,25"
275,"1,3,5,6,8,9,10,11,12,14,15,17,18,20,22"
276,"2,3,4,5,7,10,11,12,13,17,18,19,20,22,25"
277,"2,4,9,10,11,12,13,14,16,17,21,22,23,24,25"
278,"1,2,3,5,6,9,11,12,13,15,17,19,21,23,25"
279,"1,2,3,5,6,9,10,11,12,13,17,18,19,22,23"
280,"3,4,5,6,9,10,11,13,15,16,17,19,20,24,25"
281,"1,2,3,4,8,9,10,11,12,14,15,17,19,23,25"
282,"2,3,4,7,8,11,12,13,15,16,19,20,21,22,25"
283,"1,2,4,6,8,9,10,11,12,13,19,20,22,23,24"
284,"1,3,5,6,7,11,12,13,15,17,19,21,22,23,25"
285,"1,4,5,8,9,10,11,12,13,14,15,16,19,22,23"
286,"1,2,3,4,7,9,10,11,12,13,19,21,23,24,25"
287,"2,5,6,7,10,12,13,15,16,17,18,21,22,23,25"
288,"1,2,3,4,6,9,10,12,13,14,15,18,19,24,25"
289,"1,2,3,4,6,8,9,10,12,14,15,17,19,22,24"
290,"1,2,5,6,7,9,11,12,13,14,17,20,21,22,23"
291,"1,2,5,7,8,10,11,12,13,14,15,17,20,23,24"
292,"2,3,5,7,8,9,11,12,13,16,17,21,22,24,25"
293,"1,2,3,6,9,12,13,14,15,18,19,22,23,24,25"
294,"1,2,3,4,5,7,8,11,12,15,16,20,23,24,25"
295,"2,3,4,6,10,13,15,16,17,18,19,21,23,24,25"
296,"2,3,6,7,8,11,12,14,15,16,17,18,19,22,25"
297,"1,4,7,8,9,10,12,14,15,16,21,22,23,24,25"
298,"1,3,4,6,7,8,11,12,13,14,15,16,21,22,24"
299,"3,5,6,7,8,10,13,17,18,19,20,21,22,23,24"
300,"3,4,7,8,9,11,12,15,17,19,20,21,22,23,25"
301,"2,3,8,9,11,12,13,14,15,17,18,19,20,22,23"
302,"2,4,5,6,9,10,11,12,14,15,16,18,20,22,25"
303,"2,3,4,6,8,12,15,16,17,18,20,21,22,23,24"
304,"1,3,4,5,12,14,15,16,17,18,19,20,21,22,25"
305,"2,3,4,5,8,10,11,12,13,18,20,21,22,24,25"
306,"1,2,4,5,8,11,12,13,14,15,16,18,19,20,25"
307,"1,3,4,6,9,10,12,14,15,17,19,20,21,23,24"
308,"1,2,4,5,12,13,15,16,18,19,21,22,23,24,25"
309,"1,2,3,4,8,9,10,13,14,16,17,20,21,22,24"
310,"2,3,5,9,10,11,14,15,16,17,18,19,21,23,24"
311,"2,4,5,7,10,12,14,15,16,17,19,20,23,24,25"
312,"1,2,6,8,9,10,11,12,13,16,17,18,19,22,25"
313,"2,3,6,7,9,10,12,14,15,16,17,18,19,23,25"
314,"1,2,5,6,8,9,11,12,13,14,15,19,20,21,22"
315,"2,3,5,6,8,11,13,14,16,17,19,20,21,23,24"
316,"1,3,4,6,7,8,10,12,13,14,15,18,19,23,24"
317,"1,2,4,5,8,9,11,14,16,18,19,21,22,24,25"
318,"3,4,5,6,9,11,12,13,14,15,16,18,21,23,25"
319,"1,3,4,6,8,9,10,12,14,16,17,19,20,23,24"
320,"1,3,6,9,11,12,14,15,17,18,19,21,22,23,25"
321,"2,3,4,9,10,11,12,13,14,16,17,18,20,24,25"
322,"1,2,3,5,7,12,13,15,16,17,18,20,21,23,24"
323,"1,2,3,4,6,7,9,10,14,17,19,20,21,23,25"
324,"1,2,3,4,6,7,8,9,10,12,16,20,21,23,24"
325,"1,2,4,5,6,7,10,14,15,19,20,22,23,24,25"
326,"1,2,4,6,7,8,10,11,12,13,15,17,18,24,25"
327,"1,2,3,4,8,12,13,14,15,16,17,18,19,21,23"
328,"2,3,4,5,11,12,13,15,18,19,21,22,23,24,25"
329,"1,2,3,4,8,9,13,14,17,18,20,21,23,24,25"
330,"1,2,5,6,9,12,14,15,17,18,19,22,23,24,25"
331,"1,3,5,6,7,12,13,15,16,18,19,21,22,23,25"
332,"2,3,5,6,7,10,11,12,14,19,20,21,23,24,25"
333,"1,2,5,6,9,11,12,13,14,15,16,18,21,23,25"
334,"1,2,6,7,8,11,13,15,16,17,18,21,22,23,25"
335,"1,3,4,6,7,8,9,11,12,14,16,17,19,20,21"
336,"1,2,3,5,6,8,10,11,14,15,16,17,19,22,25"
337,"1,3,4,5,7,8,9,10,11,12,16,18,19,22,23"
338,"3,4,5,6,7,9,12,14,15,16,17,19,20,21,25"
339,"1,2,5,8,10,13,15,16,18,19,20,21,22,23,24"
340,"2,3,4,5,6,8,9,10,11,14,19,20,21,22,25"
341,"1,5,7,9,11,12,13,16,18,19,20,21,22,24,25"
342,"1,3,4,8,11,12,13,15,16,19,20,21,22,23,25"
343,"3,5,6,8,11,12,13,14,15,16,18,19,20,22,25"
344,"3,4,5,6,9,10,11,12,13,15,16,20,21,24,25"
345,"2,7,9,11,12,14,15,16,18,19,20,21,23,24,25"
346,"1,2,3,5,6,8,10,12,14,15,17,18,21,23,24"
347,"3,5,7,8,9,10,11,12,14,15,18,19,20,24,25"
348,"1,2,5,7,8,12,14,17,18,19,20,21,22,24,25"
349,"1,2,5,7,8,12,14,16,17,18,19,20,22,24,25"
350,"1,2,3,4,6,7,8,9,12,13,14,15,22,23,25"
351,"1,2,3,5,7,10,11,12,14,16,17,18,19,23,24"
352,"1,2,3,4,6,9,12,13,15,17,18,19,20,22,24"
353,"2,3,7,8,9,11,12,13,17,18,19,20,21,22,23"
354,"1,2,4,7,8,9,10,12,16,17,18,19,21,22,23"
355,"2,4,6,7,8,9,10,11,12,13,15,18,19,23,25"
356,"2,4,5,9,10,11,13,14,15,16,19,20,22,24,25"
357,"1,2,5,6,8,9,10,11,13,14,17,19,21,23,25"
358,"2,4,6,9,10,11,12,14,15,16,17,18,23,24,25"
359,"4,7,8,10,11,12,13,16,17,18,19,21,22,24,25"
360,"1,2,3,4,5,7,8,9,11,17,18,19,20,23,24"
361,"1,4,7,9,10,12,13,14,15,16,17,19,20,23,24"
362,"1,2,3,4,5,6,7,10,12,13,17,18,22,23,24"
363,"2,3,4,6,8,9,11,13,15,16,17,20,21,22,23"
364,"2,3,4,6,7,9,11,12,13,15,19,20,21,22,24"
365,"3,4,5,8,10,11,12,15,16,18,19,20,23,24,25"
366,"3,5,6,8,9,11,13,15,17,18,20,21,22,23,25"
367,"1,2,4,7,8,9,12,13,15,17,18,20,21,22,24"
368,"2,3,4,5,6,11,13,14,15,17,19,20,21,22,24"
369,"1,3,5,6,7,9,11,12,14,15,20,21,22,23,24"
370,"3,4,6,7,8,9,10,11,12,14,16,17,19,23,25"
371,"1,2,3,5,6,7,8,9,10,13,14,15,16,22,25"
372,"3,4,5,6,10,12,13,14,16,17,19,22,23,24,25"
373,"2,4,6,9,11,12,13,14,15,17,19,20,21,22,23"
374,"1,2,3,6,9,12,13,16,18,20,21,22,23,24,25"
375,"1,2,5,7,10,11,12,13,14,16,17,18,19,20,25"
376,"2,3,8,10,12,13,14,15,16,18,20,21,22,24,25"
377,"1,2,3,4,7,8,9,11,12,13,15,17,19,20,22"
378,"2,3,4,6,12,13,14,15,16,19,21,22,23,24,25"
379,"3,4,5,7,10,11,12,13,14,16,17,18,21,22,25"
380,"2,3,4,6,7,8,9,10,11,14,17,18,22,23,25"
381,"1,3,4,6,7,9,10,12,13,15,17,19,21,22,25"
382,"2,3,4,7,8,9,10,11,12,14,15,16,21,22,24"
383,"3,5,6,7,9,11,12,14,15,16,18,22,23,24,25"
384,"1,3,4,7,10,11,13,15,17,18,19,20,21,22,25"
385,"1,2,4,5,6,8,12,13,15,18,20,22,23,24,25"
386,"1,2,3,4,6,7,9,11,15,18,19,20,21,23,25"
387,"2,3,4,8,9,10,11,12,14,15,19,20,21,22,23"
388,"1,2,3,5,6,7,9,10,11,15,16,17,18,20,21"
389,"2,3,4,5,6,9,10,12,13,17,18,19,23,24,25"
390,"2,5,7,10,11,12,13,14,15,19,20,21,22,24,25"
391,"1,3,4,6,8,9,12,13,15,16,18,21,22,23,25"
392,"1,2,3,4,10,11,12,14,15,17,18,20,21,23,25"
393,"1,3,4,6,7,8,10,11,17,18,20,21,22,23,25"
394,"2,5,6,7,8,12,13,14,16,18,20,21,22,23,24"
395,"1,2,4,6,8,9,11,13,14,15,17,21,22,23,25"
396,"1,2,3,5,6,7,9,10,11,13,15,18,20,22,24"
397,"1,2,3,4,5,6,8,9,10,13,14,15,20,22,25"
398,"2,3,4,5,7,8,9,10,12,13,16,18,20,21,22"
399,"1,4,7,9,10,11,12,14,16,17,19,21,22,23,24"
400,"1,5,9,10,12,14,15,16,17,19,20,21,22,23,24"
401,"1,2,3,5,6,7,8,10,14,16,17,21,23,24,25"
402,"1,2,4,6,7,8,9,11,16,20,21,22,23,24,25"
403,"2,4,6,7,8,9,11,12,13,14,15,19,21,24,25"
404,"1,5,6,8,10,11,13,14,16,18,20,21,22,24,25"
405,"4,5,6,7,8,11,12,13,14,16,18,19,22,24,25"
406,"1,2,4,5,7,8,9,10,11,16,17,21,22,23,24"
407,"2,4,6,7,8,9,11,12,14,15,16,17,20,22,25"
408,"1,2,3,4,10,11,12,14,15,18,19,20,21,22,23"
409,"1,2,4,6,7,8,10,14,16,17,20,21,23,24,25"
410,"1,4,5,7,8,9,10,11,13,14,15,17,18,19,25"
411,"1,5,7,9,11,12,14,16,17,18,20,21,22,24,25"
412,"3,4,8,9,10,11,12,16,17,18,19,20,21,22,25"
413,"2,3,5,6,8,9,10,12,13,14,16,17,20,21,25"
414,"2,3,5,6,8,9,10,11,15,16,18,19,20,21,25"
415,"1,3,7,10,11,13,14,15,17,18,19,20,21,22,23"
416,"1,2,5,6,7,13,15,16,18,19,20,22,23,24,25"
417,"1,2,3,8,9,11,12,13,14,15,16,17,19,21,23"
418,"5,8,9,10,11,12,13,14,18,19,20,22,23,24,25"
419,"3,4,5,6,7,14,15,16,17,18,20,21,22,23,24"
420,"3,4,5,6,7,8,9,10,11,12,18,19,22,24,25"
421,"3,4,5,8,9,10,12,13,14,15,16,19,20,23,25"
422,"1,2,3,4,6,7,8,12,13,14,17,18,22,23,25"
423,"1,2,3,5,11,13,15,16,17,18,20,22,23,24,25"
424,"1,3,6,9,10,11,13,14,15,16,17,18,19,24,25"
425,"1,7,9,10,11,12,13,15,16,18,19,20,22,23,24"
426,"2,3,4,5,6,8,10,11,15,16,18,19,22,24,25"
427,"1,3,4,5,6,7,9,10,11,12,16,19,21,22,24"
428,"1,3,4,11,13,14,15,17,18,19,20,21,22,23,24"
429,"2,3,4,5,6,7,8,12,13,14,16,17,19,23,25"
430,"2,3,4,5,6,7,9,11,13,14,15,20,22,23,25"
431,"1,2,3,5,9,11,12,13,15,18,20,21,22,23,24"
432,"2,3,4,6,7,10,12,13,15,17,19,20,21,23,24"
433,"1,2,3,5,7,8,9,14,15,19,21,22,23,24,25"
434,"3,4,6,9,11,12,13,15,16,17,18,21,23,24,25"
435,"1,3,4,5,10,11,13,14,15,16,17,18,21,24,25"
436,"3,4,6,7,10,13,14,15,18,19,20,21,22,23,25"
437,"1,2,4,5,6,8,10,11,12,16,17,19,20,21,23"
438,"1,4,7,8,9,11,13,15,17,18,21,22,23,24,25"
439,"2,3,5,9,10,11,12,14,15,17,19,21,23,24,25"
440,"1,3,5,8,9,12,13,14,15,16,19,21,22,24,25"
441,"1,2,3,4,7,8,9,10,11,13,14,20,23,24,25"
442,"5,6,7,8,9,12,13,14,15,17,18,22,23,24,25"
443,"1,2,3,5,7,10,11,12,16,17,18,19,21,22,23"
444,"1,2,3,6,7,10,14,15,18,19,20,21,22,24,25"
445,"1,2,4,7,9,10,11,12,13,15,16,18,19,20,21"
446,"1,2,4,5,6,8,10,11,14,15,16,19,21,23,24"
447,"1,2,5,8,10,12,16,17,18,19,20,21,22,24,25"
448,"1,3,5,6,9,10,11,12,13,14,15,17,20,23,24"
449,"1,2,3,4,8,9,10,11,16,17,18,19,22,24,25"
450,"4,5,6,7,9,11,14,16,17,18,21,22,23,24,25"
451,"1,3,5,6,8,9,14,15,17,18,19,22,23,24,25"
452,"1,6,7,8,9,10,11,12,14,17,18,19,20,24,25"
453,"1,2,3,4,6,9,11,14,15,17,19,20,21,24,25"
454,"3,4,6,7,11,12,13,14,15,17,19,20,22,24,25"
455,"1,3,4,5,6,7,8,11,12,14,18,19,21,23,25"
456,"1,3,4,9,10,11,12,13,14,17,18,21,23,24,25"
457,"1,4,5,11,13,14,15,16,18,19,20,21,22,23,25"
458,"2,3,4,5,6,7,8,9,11,13,15,16,18,20,22"
459,"1,2,3,4,7,10,11,12,14,15,17,19,20,21,23"
460,"1,3,4,6,9,10,11,12,14,15,16,17,19,22,23"
461,"3,4,5,6,7,8,11,12,13,14,15,17,19,23,24"
462,"1,2,3,5,7,8,12,14,16,17,18,21,22,23,24"
463,"2,3,6,7,9,11,13,14,17,18,19,20,22,23,25"
464,"1,2,5,8,10,11,16,17,19,20,21,22,23,24,25"
465,"1,2,3,4,6,7,9,10,11,13,18,19,21,22,25"
466,"2,6,7,8,10,11,12,14,17,18,19,20,21,22,25"
467,"2,4,5,6,7,10,13,14,15,17,18,21,22,24,25"
468,"2,3,5,6,9,10,12,13,15,17,18,21,22,24,25"
469,"1,2,5,6,7,8,10,11,13,14,18,19,22,23,25"
470,"1,3,4,5,6,7,8,10,11,13,15,18,20,22,23"
471,"2,3,4,6,9,10,11,12,13,14,15,16,20,24,25"
472,"1,2,4,5,6,7,8,11,12,13,14,15,17,18,20"
473,"1,2,5,6,7,8,9,11,12,15,17,19,22,23,25"
474,"1,2,3,5,9,10,11,12,15,16,17,18,21,23,24"
475,"2,3,4,5,6,9,10,11,13,14,17,20,21,23,25"
476,"1,5,6,7,9,10,11,13,14,15,16,17,19,24,25"
477,"2,4,6,7,8,10,11,12,14,16,18,20,23,24,25"
478,"2,3,5,7,9,10,11,12,13,16,18,22,23,24,25"
479,"2,3,5,8,11,13,14,15,16,18,19,22,23,24,25"
480,"4,5,6,7,8,9,11,12,15,17,18,19,22,24,25"
481,"1,3,5,7,9,10,12,13,14,15,17,20,21,22,24"
482,"2,6,7,8,9,10,12,15,16,17,19,21,22,23,25"
483,"1,4,5,6,7,9,11,12,14,17,18,21,22,23,24"
484,"1,4,6,8,9,10,11,13,14,16,17,20,21,23,25"
485,"2,3,4,5,6,7,11,16,17,18,20,21,22,24,25"
486,"1,2,3,4,5,7,9,11,13,15,18,19,20,21,22"
487,"4,5,6,7,8,9,10,14,15,17,18,19,21,22,24"
488,"5,6,7,8,11,12,13,14,15,17,18,20,22,24,25"
489,"1,2,5,7,10,11,12,14,17,18,19,21,22,23,25"
490,"3,5,6,8,10,11,12,13,14,16,17,18,21,22,23"
491,"1,2,3,7,9,11,12,13,16,20,21,22,23,24,25"
492,"1,2,3,4,6,8,11,12,14,15,18,19,21,24,25"
493,"1,4,5,7,8,10,12,13,14,15,17,18,21,22,25"
494,"2,3,4,5,7,8,12,13,15,16,18,19,20,21,22"
495,"1,3,4,6,7,8,9,11,13,15,17,19,22,24,25"
496,"3,4,5,7,9,11,13,14,15,16,17,19,21,22,24"
497,"1,2,3,4,5,8,9,11,12,14,16,17,19,23,25"
498,"1,2,4,5,6,11,13,14,15,16,18,20,22,23,25"
499,"1,2,3,4,7,10,11,12,15,17,19,20,21,24,25"
500,"2,3,5,6,8,9,10,13,14,16,18,20,21,23,25"
501,"1,2,3,4,6,9,12,15,17,18,19,21,23,24,25"
502,"1,2,3,4,5,6,8,10,11,13,16,18,19,23,24"
503,"1,2,3,4,5,7,11,12,14,15,17,20,21,24,25"
504,"1,6,9,10,12,13,14,15,16,17,18,19,20,21,23"
505,"3,4,6,7,9,11,15,16,17,18,19,20,21,22,24"
506,"4,5,6,9,11,12,13,15,16,17,19,20,21,22,24"
507,"1,2,3,5,6,8,9,10,11,12,20,21,23,24,25"
508,"2,3,5,6,7,8,9,14,15,16,18,19,23,24,25"
509,"1,3,5,6,9,11,12,15,16,17,19,20,22,24,25"
510,"1,2,3,4,6,7,10,11,12,13,20,21,22,23,25"
511,"1,2,5,7,10,11,12,13,14,17,18,19,21,24,25"
512,"1,2,4,5,6,7,8,9,10,12,13,15,16,21,24"
513,"1,2,3,6,9,10,11,13,15,17,18,20,22,23,25"
514,"1,5,6,7,8,9,11,12,15,17,18,21,22,24,25"
515,"2,3,5,7,9,10,11,12,13,14,17,18,20,24,25"
516,"2,4,5,6,7,8,11,12,13,14,18,20,21,23,24"
517,"1,3,4,5,6,7,8,9,11,12,13,17,21,22,23"
518,"4,5,6,7,10,11,12,13,14,16,17,19,20,22,24"
519,"2,3,7,9,11,12,13,15,16,17,19,21,23,24,25"
520,"2,4,5,6,9,10,12,14,15,18,19,20,22,23,24"
521,"1,2,3,4,5,6,9,10,11,12,13,17,19,20,23"
522,"2,4,6,7,9,11,16,17,18,19,21,22,23,24,25"
523,"2,4,5,8,9,10,11,12,13,16,17,18,19,24,25"
524,"2,3,5,6,7,10,11,12,14,17,20,21,22,23,24"
525,"3,4,6,9,10,11,13,15,16,17,18,20,21,22,25"
526,"1,2,4,7,8,9,10,11,12,14,15,16,19,24,25"
527,"1,2,5,6,9,11,12,14,15,16,17,19,22,23,24"
528,"2,3,4,6,7,8,10,11,12,15,19,21,23,24,25"
529,"2,3,5,6,7,11,12,16,17,18,19,20,22,23,25"
530,"3,4,6,7,8,9,10,11,12,14,16,18,21,22,23"
531,"1,2,3,7,10,12,13,14,15,16,17,21,22,23,25"
532,"1,2,4,5,6,7,9,11,12,13,15,16,19,22,24"
533,"1,2,3,8,9,10,11,13,14,16,17,18,20,24,25"
534,"1,2,3,5,7,8,11,12,13,15,18,19,21,22,24"
535,"1,4,5,6,9,11,13,15,16,17,19,21,23,24,25"
536,"3,4,5,7,9,11,15,16,17,19,20,22,23,24,25"
537,"1,2,4,6,9,10,11,14,15,17,18,20,22,23,24"
538,"2,5,6,10,11,12,13,16,17,18,19,20,21,24,25"
539,"1,2,4,5,6,8,9,12,13,14,15,16,19,21,23"
540,"2,6,7,8,9,11,12,13,15,16,18,19,20,22,24"
541,"3,4,5,6,9,10,13,14,15,17,19,20,22,24,25"
542,"1,2,3,4,5,8,9,10,13,16,17,18,20,22,24"
543,"1,5,7,8,10,11,13,14,15,16,17,20,22,24,25"
544,"2,4,5,7,8,9,11,13,14,15,18,19,21,23,24"
545,"1,3,5,6,7,11,12,13,14,15,17,18,23,24,25"
546,"2,3,4,5,8,9,10,11,12,13,17,18,19,21,23"
547,"1,2,4,5,6,9,10,12,14,16,17,19,20,24,25"
548,"1,2,3,4,5,6,7,8,9,13,14,17,20,23,25"
549,"3,4,7,9,10,11,13,14,15,16,17,20,21,22,23"
550,"1,5,6,7,9,10,11,13,14,16,17,18,20,21,22"
551,"3,7,8,10,12,13,14,16,17,18,19,20,21,22,24"
552,"1,3,4,5,6,8,10,12,13,17,20,22,23,24,25"
553,"4,5,7,8,9,10,12,13,14,15,17,18,21,23,24"
554,"1,2,3,4,6,9,13,14,17,19,20,21,22,24,25"
555,"1,2,6,7,8,9,10,12,14,16,17,18,20,23,24"
556,"1,4,8,9,11,13,14,16,17,18,20,22,23,24,25"
557,"1,5,7,8,9,10,12,14,15,17,18,19,20,21,23"
558,"1,3,4,5,7,10,12,14,17,18,20,21,22,24,25"
559,"1,2,5,7,9,10,11,13,14,16,19,20,21,22,23"
560,"1,2,4,9,10,12,14,17,18,19,20,21,23,24,25"
561,"2,3,4,6,7,9,10,11,12,13,15,17,18,20,21"
562,"1,2,3,5,7,8,13,14,16,18,19,20,21,22,24"
563,"1,3,4,5,6,7,9,11,12,16,19,20,22,23,24"
564,"1,2,3,4,7,9,12,14,15,17,19,20,21,23,24"
565,"1,4,6,7,9,10,12,15,17,18,19,20,21,23,24"
566,"1,3,4,5,7,9,10,11,14,15,16,17,19,20,21"
567,"1,2,5,7,8,9,10,12,13,14,15,17,21,24,25"
568,"1,2,4,5,6,7,8,9,13,15,16,17,18,20,21"
569,"1,2,6,7,8,12,13,16,17,18,19,20,22,24,25"
570,"1,2,3,4,5,10,12,14,15,18,19,20,21,22,23"
571,"3,4,5,6,7,11,12,15,16,18,19,20,21,24,25"
572,"2,5,6,8,9,10,13,14,15,16,17,19,21,22,24"
573,"1,2,3,7,10,11,12,14,16,18,20,22,23,24,25"
574,"1,5,6,11,12,13,14,16,18,19,20,21,22,23,25"
575,"3,5,8,9,10,12,13,15,16,17,18,19,21,22,24"
576,"6,8,9,10,11,12,13,15,16,17,18,19,21,23,25"
577,"1,2,3,4,5,8,10,12,15,16,18,19,21,22,23"
578,"1,4,6,7,8,10,12,13,14,15,16,19,21,22,23"
579,"1,3,5,6,7,8,10,12,13,14,17,19,20,21,24"
580,"1,4,6,7,8,9,10,12,13,14,16,17,21,24,25"
581,"2,4,6,9,11,12,13,14,15,17,18,19,21,23,25"
582,"3,7,8,9,10,11,12,13,15,17,18,19,21,23,25"
583,"1,3,4,7,8,9,11,14,16,17,18,19,21,23,24"
584,"2,3,5,6,7,8,10,11,14,15,19,20,21,22,23"
585,"1,5,7,8,9,10,13,14,15,16,17,18,20,23,24"
586,"2,3,4,6,7,8,11,12,16,17,18,19,22,24,25"
587,"1,4,5,7,9,10,11,12,13,17,18,19,20,21,23"
588,"1,4,5,7,11,12,13,14,17,18,19,20,23,24,25"
589,"2,3,4,6,8,9,10,12,13,20,21,22,23,24,25"
590,"1,3,4,6,9,10,11,13,14,15,16,18,19,20,21"
591,"1,2,4,7,8,10,11,14,15,16,17,19,20,21,23"
592,"1,3,5,6,8,9,10,14,15,16,17,18,19,20,22"
593,"1,3,4,5,6,9,10,11,13,14,15,20,23,24,25"
594,"2,3,6,7,9,10,11,13,14,15,16,18,20,23,25"
595,"1,5,6,7,8,9,10,11,12,15,17,19,21,24,25"
596,"2,3,7,8,9,10,11,12,17,18,19,20,22,23,25"
597,"1,2,3,5,8,9,10,11,14,16,17,18,22,24,25"
598,"1,3,4,5,7,11,12,14,15,18,19,20,21,22,25"
599,"2,4,5,6,7,9,12,13,16,18,20,21,22,23,24"
600,"1,3,5,6,8,9,10,11,16,17,18,19,22,23,25"
601,"1,3,5,6,7,9,10,11,12,13,14,16,19,20,25"
602,"1,2,5,6,7,8,9,10,11,12,13,18,22,23,25"
603,"2,4,5,6,8,10,12,13,15,16,19,20,21,22,23"
604,"1,2,6,7,9,12,13,14,15,18,19,20,22,24,25"
605,"2,3,4,5,7,10,11,13,14,16,17,18,21,23,25"
606,"2,3,6,7,8,10,12,14,15,16,18,22,23,24,25"
607,"3,5,7,9,12,15,16,17,18,19,20,21,22,24,25"
608,"1,2,3,5,7,8,10,13,14,16,17,18,19,23,25"
609,"1,2,4,7,9,10,11,12,14,15,16,19,20,23,25"
610,"1,2,4,6,7,8,10,12,13,14,15,16,21,22,25"
611,"2,3,4,5,6,8,9,13,14,16,18,19,20,21,23"
612,"1,2,3,6,7,9,10,13,15,16,17,18,19,23,25"
613,"2,5,6,7,10,11,12,13,14,16,17,20,22,23,25"
614,"1,5,6,7,9,11,12,13,16,17,18,19,20,22,23"
615,"1,2,4,7,8,11,12,17,19,20,21,22,23,24,25"
616,"1,2,6,9,10,12,15,16,17,18,19,21,22,24,25"
617,"1,2,3,4,5,7,10,14,15,16,19,21,22,24,25"
618,"1,2,4,5,6,7,9,12,13,17,19,20,21,22,24"
619,"1,3,4,7,8,9,13,14,17,18,19,20,21,23,25"
620,"1,5,6,7,10,11,12,14,15,16,18,19,20,21,22"
621,"1,2,3,5,6,8,9,10,12,15,16,20,22,24,25"
622,"2,3,4,5,6,7,9,10,11,12,13,15,17,18,21"
623,"1,2,3,4,5,8,9,10,11,12,15,20,22,23,25"
624,"1,2,4,5,6,7,9,11,12,16,17,18,20,21,24"
625,"1,2,3,6,8,10,11,13,14,15,16,17,22,23,24"
626,"1,2,3,4,5,7,8,9,11,13,17,19,21,23,24"
627,"1,2,3,4,6,10,12,14,15,17,21,22,23,24,25"
628,"2,3,4,7,8,9,10,11,13,15,18,19,22,23,25"
629,"1,2,4,5,6,7,9,12,14,15,17,19,21,22,25"
630,"1,2,4,6,7,12,13,14,17,18,20,22,23,24,25"
631,"2,3,5,7,8,9,10,13,14,16,17,18,19,20,21"
632,"1,4,6,8,10,11,13,14,16,17,20,21,22,24,25"
633,"2,3,6,7,8,9,10,12,18,20,21,22,23,24,25"
634,"2,3,4,5,9,10,11,12,14,15,18,19,20,21,22"
635,"1,4,5,6,7,8,9,11,12,13,18,19,20,22,24"
636,"1,2,3,4,6,10,12,13,14,16,19,20,21,23,25"
637,"2,4,6,7,9,13,16,17,18,19,20,21,22,23,25"
638,"1,2,3,4,9,11,13,14,16,18,19,21,23,24,25"
639,"1,2,4,5,6,8,9,10,12,16,19,20,21,22,24"
640,"1,3,4,5,9,11,13,14,16,18,19,20,21,22,23"
641,"2,3,6,7,8,9,11,13,16,18,19,20,21,22,24"
642,"1,2,4,5,8,10,11,12,13,18,19,20,21,22,25"
643,"1,2,4,7,8,9,10,13,16,17,19,21,22,23,24"
644,"2,3,5,6,7,8,9,12,13,14,15,18,21,22,24"
645,"4,5,8,9,10,11,13,16,18,19,20,21,22,23,25"
646,"1,3,5,6,9,10,14,15,17,18,19,20,21,23,25"
647,"4,6,7,8,9,11,13,14,17,18,19,20,22,23,25"
648,"2,4,6,8,9,10,11,13,15,16,18,19,20,21,22"
649,"1,2,4,5,6,8,9,10,11,14,15,17,21,22,24"
650,"1,3,7,8,10,13,14,16,17,19,20,21,23,24,25"
651,"1,4,5,6,8,10,13,14,15,17,18,19,20,24,25"
652,"2,5,7,9,10,11,13,14,16,17,18,19,20,21,23"
653,"1,2,3,7,8,12,13,14,16,17,19,20,21,22,23"
654,"1,2,3,7,12,13,14,16,17,18,19,20,22,23,25"
655,"2,5,7,8,10,11,13,14,15,19,20,21,23,24,25"
656,"2,3,5,7,8,9,11,13,14,15,18,20,22,23,25"
657,"2,3,4,5,6,8,10,12,13,15,17,19,23,24,25"
658,"1,4,5,6,7,9,10,11,14,15,17,21,23,24,25"
659,"1,3,4,5,6,8,9,10,11,12,15,19,20,23,24"
660,"3,4,5,6,7,8,9,12,14,15,16,17,19,24,25"
661,"1,3,6,7,10,11,12,15,17,18,19,20,22,23,24"
662,"1,2,3,6,7,8,9,11,13,14,15,16,19,20,22"
663,"2,4,5,6,7,9,11,13,16,17,19,21,22,23,24"
664,"1,3,4,7,10,13,14,15,16,17,18,20,21,23,24"
665,"2,3,6,7,12,13,14,15,17,18,20,21,22,24,25"
666,"1,2,4,6,7,11,12,14,15,16,18,20,21,24,25"
667,"3,4,5,6,8,10,13,15,17,18,19,20,21,24,25"
668,"1,2,7,9,10,11,12,13,15,16,17,20,23,24,25"
669,"2,4,5,6,12,13,15,16,17,18,19,22,23,24,25"
670,"1,7,8,10,12,13,14,15,17,18,20,21,22,23,25"
671,"4,5,7,8,9,10,11,12,13,14,18,19,20,22,24"
672,"1,2,4,6,9,10,11,12,15,17,19,21,23,24,25"
673,"2,4,5,7,8,9,10,11,12,13,14,15,17,19,20"
674,"2,3,8,10,11,14,15,16,18,19,20,22,23,24,25"
675,"2,3,4,5,7,10,11,13,14,15,16,17,22,23,24"
676,"2,4,5,6,8,10,12,13,15,16,19,20,21,24,25"
677,"1,2,5,6,7,8,10,11,12,13,15,16,19,23,25"
678,"2,3,5,7,9,10,12,15,18,19,20,21,23,24,25"
679,"2,7,8,10,11,12,13,14,15,17,18,19,20,21,22"
680,"3,4,6,7,8,9,12,13,14,16,18,19,20,21,22"
681,"2,3,4,6,7,8,10,11,12,14,15,16,18,19,23"
682,"1,2,4,5,6,7,8,11,14,17,18,19,22,24,25"
683,"1,2,4,5,6,7,8,9,10,11,12,13,15,23,24"
684,"1,4,5,8,10,11,12,13,14,16,20,21,22,24,25"
685,"1,3,4,9,12,13,15,17,19,20,21,22,23,24,25"
686,"1,3,4,6,7,10,12,13,16,19,20,22,23,24,25"
687,"1,2,3,4,6,9,12,13,15,18,19,20,23,24,25"
688,"1,2,3,4,7,9,11,12,14,16,19,21,22,23,24"
689,"2,3,4,5,6,7,8,11,12,13,15,17,22,23,24"
690,"1,2,3,9,10,11,12,13,14,15,18,19,20,24,25"
691,"1,2,3,6,7,8,9,11,13,17,18,19,20,22,23"
692,"1,2,4,6,7,10,11,12,17,18,19,21,22,23,24"
693,"1,2,3,4,6,7,9,10,11,14,16,17,19,21,22"
694,"1,3,6,8,9,10,11,14,15,16,18,19,20,21,24"
695,"2,3,4,5,11,13,14,17,18,19,20,21,22,24,25"
696,"1,4,5,7,9,10,11,13,14,15,16,20,21,22,24"
697,"1,2,3,7,8,11,14,15,16,18,19,22,23,24,25"
698,"2,3,4,6,7,9,10,12,14,15,18,20,21,22,24"
699,"2,3,4,6,8,9,10,15,16,18,19,21,22,23,25"
700,"1,2,6,7,8,9,10,13,14,16,18,19,21,22,25"
701,"3,4,8,10,12,13,14,16,17,19,20,21,22,23,25"
702,"1,2,3,4,5,6,7,8,9,10,13,14,20,23,25"
703,"2,5,8,10,11,14,15,17,18,20,21,22,23,24,25"
704,"2,3,5,6,8,10,11,13,14,15,16,17,22,23,24"
705,"3,4,6,7,8,9,11,12,14,15,16,20,21,22,25"
706,"1,2,3,4,6,8,12,13,16,18,19,21,22,24,25"
707,"3,4,6,7,8,11,12,14,15,16,17,20,21,24,25"
708,"1,2,3,4,5,6,9,11,14,16,19,21,22,24,25"
709,"1,3,6,7,8,11,12,14,15,16,18,19,20,22,23"
710,"2,3,4,6,12,14,15,17,18,19,20,21,22,24,25"
711,"1,2,4,5,6,7,10,12,13,15,16,18,21,22,24"
712,"1,4,8,9,12,14,15,16,17,18,20,21,22,23,25"
713,"2,3,4,5,6,11,13,14,15,19,21,22,23,24,25"
714,"4,6,7,8,9,10,11,12,13,14,15,17,19,21,22"
715,"1,3,5,8,10,11,13,14,15,18,20,22,23,24,25"
716,"1,3,5,7,8,11,12,14,15,16,18,20,21,23,25"
717,"1,2,3,5,7,8,9,11,14,16,18,20,21,23,25"
718,"3,4,7,9,11,13,14,15,17,19,21,22,23,24,25"
719,"2,7,8,9,10,11,13,15,16,18,19,22,23,24,25"
720,"4,7,9,10,11,12,13,16,17,18,20,21,23,24,25"
721,"1,2,3,4,5,7,8,9,10,11,12,14,15,19,21"
722,"1,3,5,6,7,8,10,13,14,16,17,19,20,23,24"
723,"2,3,4,5,7,8,9,10,11,12,14,15,18,20,24"
724,"1,3,5,6,7,10,12,14,15,18,19,20,23,24,25"
725,"1,5,6,7,9,10,12,13,15,16,17,18,21,24,25"
726,"1,2,4,7,9,10,11,13,14,15,16,20,21,24,25"
727,"3,4,6,7,8,9,11,16,18,20,21,22,23,24,25"
728,"3,4,6,7,8,10,11,13,16,19,20,21,22,23,25"
729,"1,2,3,4,6,7,9,10,12,14,15,17,22,23,25"
730,"1,3,4,8,11,12,14,16,18,19,20,21,22,24,25"
731,"3,4,6,7,8,11,12,14,15,17,18,19,21,22,24"
732,"1,4,8,9,10,11,13,14,17,20,21,22,23,24,25"
733,"1,4,5,6,7,8,11,12,14,16,18,19,20,22,24"
734,"2,3,6,8,9,10,13,15,17,18,19,20,21,23,24"
735,"5,6,8,10,11,12,13,14,17,19,20,21,22,24,25"
736,"2,3,4,5,6,8,9,10,13,15,16,17,19,21,23"
737,"2,3,4,5,6,7,8,10,12,14,16,17,18,22,25"
738,"2,6,7,9,11,12,13,14,16,18,19,20,23,24,25"
739,"2,3,4,8,9,10,11,14,17,20,21,22,23,24,25"
740,"1,4,5,9,10,11,12,13,14,19,21,22,23,24,25"
741,"2,3,5,7,10,11,12,13,14,16,17,18,21,24,25"
742,"1,3,5,6,7,8,9,11,13,14,15,19,20,21,23"
743,"1,2,3,6,9,10,11,12,14,15,17,21,22,23,24"
744,"1,3,4,6,7,9,10,11,12,13,15,16,19,23,24"
745,"1,3,6,7,8,9,11,12,13,16,17,20,22,24,25"
746,"2,3,4,5,8,9,10,16,17,18,19,20,21,24,25"
747,"1,2,3,4,6,7,10,12,13,15,16,17,20,23,24"
748,"1,3,4,5,6,8,9,10,12,15,17,18,20,21,23"
749,"1,2,3,4,6,7,8,11,13,14,15,18,19,22,24"
750,"2,3,4,5,7,9,10,11,13,15,19,20,21,24,25"
751,"3,5,6,8,9,12,13,14,16,17,19,20,21,22,23"
752,"1,4,5,6,7,8,12,13,14,16,18,19,21,24,25"
753,"1,3,4,5,6,7,8,11,13,14,17,20,21,22,25"
754,"1,4,5,7,13,15,16,17,18,19,20,22,23,24,25"
755,"1,2,3,5,7,8,10,11,12,13,14,16,17,24,25"
756,"3,5,6,7,8,10,13,14,15,16,17,20,22,23,25"
757,"1,3,4,8,9,10,11,13,14,15,17,18,20,21,23"
758,"1,2,4,5,6,11,12,15,16,17,18,20,23,24,25"
759,"2,5,7,8,9,10,15,16,17,18,19,20,23,24,25"
760,"1,2,3,7,9,10,11,12,13,15,16,17,23,24,25"
761,"1,4,5,6,10,11,12,13,14,15,16,19,20,22,24"
762,"1,2,3,5,6,7,9,10,11,12,13,14,17,21,22"
763,"1,2,3,4,6,7,13,14,16,17,18,21,22,24,25"
764,"1,3,4,6,8,9,11,12,14,16,17,19,23,24,25"
765,"1,2,3,7,8,9,10,12,13,14,18,20,23,24,25"
766,"1,3,5,6,7,9,12,13,14,15,16,18,21,24,25"
767,"1,3,4,5,7,8,10,11,12,15,17,19,22,23,24"
768,"1,3,5,6,11,12,13,14,15,17,19,20,23,24,25"
769,"3,4,5,7,10,11,13,15,16,17,19,20,22,23,25"
770,"1,3,4,5,6,9,11,12,16,17,18,21,22,24,25"
771,"2,4,5,6,7,8,9,10,14,16,17,20,22,23,25"
772,"2,4,6,7,8,9,10,11,12,15,16,20,23,24,25"
773,"2,5,6,7,8,10,11,13,15,17,18,20,22,24,25"
774,"1,3,4,5,6,8,9,11,12,14,15,18,19,22,25"
775,"2,3,6,7,8,9,10,12,13,14,16,17,18,19,20"
776,"1,2,3,4,10,11,12,13,14,18,19,20,22,23,24"
777,"2,3,6,9,11,12,13,14,15,16,20,21,23,24,25"
778,"2,5,6,7,9,10,11,13,15,16,19,20,22,24,25"
779,"4,5,8,9,11,12,13,14,16,17,19,20,21,22,23"
780,"3,6,7,8,10,13,15,16,17,18,19,20,21,24,25"
781,"1,2,4,8,9,10,11,14,15,16,17,19,20,22,25"
782,"5,8,9,10,11,12,13,14,15,16,17,18,19,20,21"
783,"1,2,5,6,7,8,11,13,15,16,19,20,21,22,24"
784,"1,2,3,4,7,11,12,13,15,18,20,21,22,23,25"
785,"1,2,4,6,7,10,11,12,13,15,16,17,19,21,23"
786,"2,4,5,6,8,10,11,12,13,15,17,21,23,24,25"
787,"1,4,5,8,9,10,11,12,13,14,16,17,19,20,23"
788,"1,3,4,8,9,10,11,12,16,19,21,22,23,24,25"
789,"2,3,4,8,10,11,12,14,15,16,18,19,21,22,24"
790,"3,6,7,8,10,12,13,16,18,19,20,22,23,24,25"
791,"1,2,3,5,6,7,8,10,11,13,14,21,22,23,25"
792,"1,2,3,6,8,9,10,12,14,18,19,20,21,23,25"
793,"2,4,5,7,9,11,12,14,16,17,18,20,21,23,25"
794,"1,2,3,4,5,6,8,9,11,14,15,20,23,24,25"
795,"1,2,3,4,6,7,8,9,10,12,14,16,21,22,24"
796,"2,3,4,6,7,8,10,11,14,16,17,18,20,21,24"
797,"2,3,5,6,7,8,11,15,17,18,19,20,21,24,25"
798,"1,3,5,6,8,10,11,13,15,16,18,19,22,23,24"
799,"3,4,6,8,11,13,14,15,16,19,21,22,23,24,25"
800,"3,4,6,7,8,9,10,11,12,13,16,20,21,22,24"
801,"1,3,4,5,6,7,10,12,15,17,18,19,21,23,25"
802,"1,3,4,5,8,9,10,12,13,14,18,20,21,22,25"
803,"1,4,5,12,14,15,16,17,18,19,20,21,23,24,25"
804,"1,3,4,5,6,7,8,13,15,17,18,20,21,23,24"
805,"1,2,4,6,7,9,11,13,14,16,17,20,22,24,25"
806,"1,2,3,5,6,7,8,10,14,15,16,19,20,24,25"
807,"2,3,4,5,7,8,10,11,13,18,19,21,22,24,25"
808,"4,6,7,10,11,12,14,16,17,18,20,21,22,24,25"
809,"1,2,4,5,7,9,13,16,18,19,21,22,23,24,25"
810,"1,3,6,7,9,11,12,15,16,17,18,21,22,23,24"
811,"1,2,3,4,5,6,7,9,10,12,14,17,19,20,22"
812,"1,3,5,7,8,11,14,17,18,19,20,21,23,24,25"
813,"1,3,4,5,6,7,8,10,12,16,19,21,23,24,25"
814,"3,4,8,10,11,12,13,14,17,19,20,21,22,23,24"
815,"6,7,8,10,11,14,15,17,18,20,21,22,23,24,25"
816,"2,3,5,8,9,10,11,12,13,15,16,17,19,23,25"
817,"1,2,3,4,5,8,10,11,12,17,18,20,23,24,25"
818,"4,5,6,8,10,11,13,14,16,19,20,22,23,24,25"
819,"3,4,5,6,7,8,9,10,11,12,18,19,20,21,22"
820,"1,2,3,5,6,7,8,9,10,13,15,16,22,23,24"
821,"3,4,5,7,9,10,11,12,14,16,17,21,23,24,25"
822,"2,3,5,11,12,14,15,16,17,18,19,21,22,23,24"
823,"1,2,4,5,9,11,12,13,14,16,19,20,22,24,25"
824,"2,3,4,7,11,12,13,14,15,19,20,21,22,24,25"
825,"1,6,7,8,9,10,11,13,14,15,17,19,22,23,25"
826,"3,5,6,12,13,14,15,16,17,18,19,20,21,23,24"
827,"1,2,4,5,7,9,10,12,13,14,16,17,21,22,24"
828,"1,6,7,8,9,12,14,15,17,19,20,22,23,24,25"
829,"2,5,7,8,9,11,13,14,16,17,18,22,23,24,25"
830,"1,4,6,9,10,11,12,13,14,16,17,19,21,23,24"
831,"1,2,3,5,9,10,11,12,14,16,17,18,20,21,22"
832,"2,5,6,7,8,10,11,12,15,16,19,22,23,24,25"
833,"2,5,6,7,10,11,12,13,16,17,18,19,20,22,25"
834,"2,4,7,8,9,10,11,14,16,18,19,20,21,22,23"
835,"1,2,4,6,8,12,14,15,16,17,18,19,21,24,25"
836,"2,4,7,8,9,10,12,14,15,16,18,20,21,22,25"
837,"1,3,7,8,10,11,12,13,14,15,16,18,20,22,24"
838,"2,4,5,7,9,10,11,14,15,16,18,20,21,23,24"
839,"2,3,4,6,7,8,13,14,16,17,19,21,22,24,25"
840,"2,4,6,9,11,12,13,17,18,19,20,21,22,23,25"
841,"1,3,5,6,8,10,12,13,14,15,16,17,20,21,24"
842,"3,4,5,7,10,11,13,14,15,18,19,20,21,22,24"
843,"3,4,7,8,11,12,13,15,16,17,19,20,21,22,24"
844,"1,3,5,7,8,9,10,12,15,16,17,19,22,24,25"
845,"2,4,6,7,11,12,14,16,18,19,21,22,23,24,25"
846,"1,4,6,9,10,11,13,14,15,19,20,21,23,24,25"
847,"1,3,5,6,7,9,10,11,13,14,17,18,20,21,25"
848,"2,3,5,8,9,13,14,16,17,18,19,21,23,24,25"
849,"1,4,5,10,12,13,14,15,16,17,18,20,23,24,25"
850,"2,3,5,7,8,10,13,14,18,19,20,21,22,23,24"
851,"1,4,5,6,7,10,13,14,15,17,18,19,20,22,24"
852,"1,2,3,4,5,8,11,12,16,18,20,21,23,24,25"
853,"2,3,5,6,8,9,11,12,17,18,19,20,21,22,23"
854,"1,2,3,5,8,9,10,13,14,15,17,18,20,21,22"
855,"1,3,4,8,9,10,11,13,14,15,17,18,23,24,25"
856,"2,3,7,8,9,11,12,13,15,16,19,20,22,23,25"
857,"1,3,4,6,8,11,13,14,15,16,18,19,20,21,24"
858,"1,3,4,5,6,8,9,11,12,17,19,20,22,23,25"
859,"1,2,3,4,5,6,9,10,11,13,14,17,18,19,20"
860,"3,4,5,6,7,9,10,13,14,15,16,19,22,24,25"
861,"1,2,3,4,6,7,9,10,11,14,15,17,19,22,23"
862,"1,2,3,4,5,10,13,14,15,17,18,19,20,23,24"
863,"1,3,4,7,8,13,15,16,17,18,19,22,23,24,25"
864,"3,6,8,10,12,13,15,16,17,18,19,21,22,23,24"
865,"1,3,4,5,6,7,10,13,18,19,20,21,22,23,25"
866,"1,2,3,5,7,8,9,10,11,13,14,18,20,23,24"
867,"2,3,4,5,6,7,8,10,12,13,14,15,21,22,25"
868,"1,2,3,8,9,10,12,13,14,16,17,19,21,22,24"
869,"1,3,6,9,10,11,12,14,18,20,21,22,23,24,25"
870,"1,2,4,5,6,7,8,10,12,13,14,16,17,18,23"
871,"2,4,6,8,9,10,12,13,14,15,17,19,22,23,24"
872,"1,2,4,5,6,7,9,10,12,13,14,17,18,22,23"
873,"2,3,6,7,8,9,11,12,13,14,15,17,18,22,25"
874,"1,2,4,5,6,7,8,9,10,16,19,20,21,23,25"
875,"2,4,6,8,9,10,12,13,15,18,21,22,23,24,25"
876,"3,5,6,7,9,12,13,14,16,18,20,21,23,24,25"
877,"3,7,8,9,10,11,13,14,15,16,18,19,21,23,25"
878,"1,2,3,5,6,7,10,12,13,14,16,19,22,23,25"
879,"2,3,4,7,9,10,12,13,15,16,18,21,22,24,25"
880,"2,5,6,7,8,10,14,16,18,19,21,22,23,24,25"
881,"1,3,4,5,6,7,8,9,15,16,19,20,21,22,23"
882,"1,2,7,8,10,11,12,13,14,17,18,19,22,24,25"
883,"3,5,6,7,8,9,10,12,16,17,18,19,21,22,25"
884,"1,4,7,8,9,10,12,13,15,17,18,19,20,21,25"
885,"2,5,7,8,9,11,12,15,16,17,18,19,22,23,24"
886,"1,3,4,7,8,10,11,12,13,15,16,17,20,21,23"
887,"1,6,8,10,11,12,15,17,18,19,20,21,23,24,25"
888,"1,3,6,11,12,13,14,16,17,18,19,20,21,22,24"
889,"2,4,5,6,7,9,11,12,13,16,18,19,21,22,25"
890,"1,2,3,4,5,6,7,8,11,16,17,18,19,23,24"
891,"1,5,6,7,8,12,14,15,16,17,19,21,23,24,25"
892,"1,2,3,5,6,10,13,14,16,17,19,20,21,22,24"
893,"1,2,3,4,5,6,8,9,11,15,16,20,22,23,24"
894,"1,2,5,6,9,12,13,14,15,18,19,21,22,24,25"
895,"2,3,4,5,6,8,11,12,13,16,17,18,19,21,25"
896,"1,2,3,4,6,7,8,12,13,15,17,18,19,20,23"
897,"1,2,5,7,8,9,10,11,13,14,16,17,18,21,23"
898,"1,4,6,8,9,10,11,12,13,14,18,20,21,24,25"
899,"1,4,7,9,10,12,14,15,16,17,18,20,21,23,25"
900,"1,2,6,7,8,10,11,12,13,15,18,20,22,24,25"
901,"1,2,4,6,7,10,12,13,14,16,18,22,23,24,25"
902,"1,2,3,4,5,6,8,9,11,17,20,21,23,24,25"
903,"1,2,3,4,5,6,8,10,11,13,15,16,18,20,22"
904,"1,5,6,7,9,10,12,13,16,17,18,19,20,22,24"
905,"1,4,6,8,10,11,12,13,14,16,17,20,21,22,23"
906,"1,2,3,5,6,7,8,9,10,12,17,18,21,22,24"
907,"2,3,4,5,7,8,10,13,14,15,16,20,21,22,23"
908,"1,2,4,6,7,9,10,12,13,15,17,18,23,24,25"
909,"1,2,3,5,6,7,8,10,11,12,13,18,20,21,22"
910,"3,4,5,6,8,9,11,13,16,17,18,19,20,24,25"
911,"1,2,3,5,6,8,11,13,15,17,21,22,23,24,25"
912,"2,3,4,7,10,14,15,16,17,18,19,20,21,22,23"
913,"3,4,5,6,10,12,13,15,17,18,19,20,22,24,25"
914,"1,3,4,5,6,10,11,12,15,17,18,20,22,23,24"
915,"1,2,4,5,6,8,10,11,13,18,20,22,23,24,25"
916,"1,2,3,4,5,6,7,11,13,14,17,18,19,23,24"
917,"1,2,3,4,5,6,11,13,14,17,19,20,21,22,24"
918,"1,2,3,4,6,8,9,13,14,15,16,17,21,22,23"
919,"1,2,3,4,5,7,9,10,11,13,14,17,19,21,22"
920,"1,2,3,4,5,6,10,12,13,15,16,19,20,22,23"
921,"1,2,3,4,7,9,12,15,16,17,18,19,21,24,25"
922,"2,4,5,6,8,9,12,15,16,17,20,21,22,23,24"
923,"1,3,4,5,6,7,10,12,14,15,19,20,22,24,25"
924,"1,2,6,7,8,9,10,12,14,16,17,18,19,20,24"
925,"1,3,4,6,7,9,12,13,14,15,16,22,23,24,25"
926,"1,5,6,7,8,9,10,11,12,13,14,15,19,21,24"
927,"2,3,5,6,9,11,13,14,16,17,20,21,22,23,25"
928,"1,4,6,8,9,10,11,12,14,15,17,19,23,24,25"
929,"1,2,4,5,7,8,9,10,11,14,18,20,21,23,25"
930,"2,3,5,6,9,11,12,14,15,16,20,22,23,24,25"
931,"2,3,5,6,8,10,11,12,14,16,19,20,22,24,25"
932,"1,4,5,8,12,13,14,15,16,18,20,21,22,23,25"
933,"2,3,4,5,6,7,10,11,14,15,16,17,19,23,24"
934,"2,3,4,8,9,10,11,14,19,20,21,22,23,24,25"
935,"1,2,3,4,5,6,7,9,10,12,14,18,19,22,23"
936,"1,2,3,4,6,7,8,13,15,17,18,19,20,23,25"
937,"1,2,6,9,10,11,12,13,14,16,19,20,23,24,25"
938,"2,3,4,6,7,10,11,13,15,16,17,18,19,20,25"
939,"1,4,5,6,7,9,10,11,15,16,18,19,20,21,25"
940,"2,3,4,6,7,9,13,14,16,17,18,19,20,24,25"
941,"1,2,3,4,5,7,8,9,10,11,15,16,18,23,25"
942,"1,3,4,5,6,7,11,12,13,18,19,20,21,22,24"
943,"3,4,5,6,9,10,12,13,14,15,17,18,21,22,23"
944,"1,8,9,10,11,12,13,14,16,17,18,19,21,24,25"
945,"2,3,4,5,6,9,11,13,18,19,20,21,23,24,25"
946,"1,7,8,9,10,14,16,17,18,19,20,21,22,24,25"
947,"1,2,3,5,7,9,10,11,12,15,16,18,20,22,24"
948,"1,2,5,6,8,9,11,13,16,17,18,19,21,22,24"
949,"1,6,7,8,9,10,11,12,13,14,15,16,17,21,23"
950,"2,4,5,7,8,9,12,13,14,17,18,19,20,21,25"
951,"3,7,8,9,10,13,14,15,17,19,20,21,22,23,25"
952,"1,3,4,6,8,11,12,14,17,18,19,21,22,23,25"
953,"1,2,5,6,7,9,10,12,13,14,15,16,18,21,24"
954,"3,5,6,8,10,11,12,13,14,16,18,20,23,24,25"
955,"1,2,4,5,7,9,10,11,12,13,14,16,18,21,24"
956,"2,3,4,5,6,8,11,12,13,16,17,18,19,21,22"
957,"1,3,4,5,6,7,8,13,15,16,21,22,23,24,25"
958,"1,4,5,6,9,12,13,14,16,17,19,20,21,22,24"
959,"2,5,6,9,11,12,14,16,19,20,21,22,23,24,25"
960,"1,2,3,4,6,7,10,12,14,16,17,18,20,21,24"
961,"1,2,3,4,5,7,9,11,12,15,18,20,21,22,25"
962,"1,4,6,8,9,11,13,14,15,17,20,21,22,23,25"
963,"3,4,6,7,9,10,11,14,15,16,17,18,19,23,24"
964,"1,2,3,4,7,9,10,11,15,17,18,19,20,21,23"
965,"3,4,8,9,10,11,13,14,15,16,18,19,21,22,24"
966,"2,3,4,5,6,7,8,10,11,12,17,19,21,22,25"
967,"2,3,4,6,8,9,10,11,16,17,20,21,22,23,25"
968,"2,3,4,5,7,9,11,13,14,16,18,19,20,21,25"
969,"1,3,4,5,9,10,11,12,16,17,18,19,20,22,24"
970,"1,3,6,8,9,10,12,15,17,18,19,20,21,23,24"
971,"3,4,5,6,7,9,10,11,18,20,21,22,23,24,25"
972,"1,3,6,8,11,13,14,15,16,20,21,22,23,24,25"
973,"1,2,3,5,6,8,11,14,15,18,20,21,22,24,25"
974,"1,4,6,7,8,9,10,12,14,15,17,19,21,22,24"
975,"1,2,4,6,7,10,11,12,13,14,16,17,19,20,24"
976,"1,2,3,4,6,7,10,11,13,14,19,21,23,24,25"
977,"1,2,6,7,8,10,11,13,14,17,18,20,22,23,24"
978,"3,4,5,6,7,8,9,11,12,13,14,15,16,18,25"
979,"2,5,6,7,8,9,10,14,16,19,21,22,23,24,25"
980,"1,2,6,7,8,9,10,11,12,13,17,20,21,22,24"
981,"1,2,3,4,6,8,9,12,16,18,19,21,22,24,25"
982,"1,3,4,5,6,7,9,13,14,17,18,20,21,23,24"
983,"2,4,5,6,7,8,10,11,14,15,16,18,19,21,25"
984,"2,4,8,9,10,11,12,13,15,20,21,22,23,24,25"
985,"3,4,6,7,9,12,13,14,17,18,21,22,23,24,25"
986,"1,2,5,7,11,13,14,15,16,18,20,21,22,23,24"
987,"2,4,5,6,7,9,11,12,13,15,18,19,20,22,23"
988,"1,3,5,7,9,11,12,13,15,16,17,19,20,24,25"
989,"3,4,6,8,9,10,13,14,15,17,18,19,22,23,24"
990,"1,5,6,7,8,10,11,12,13,15,16,19,20,22,24"
991,"1,2,5,6,7,9,12,14,15,17,18,21,22,24,25"
992,"1,3,4,5,7,8,9,10,11,13,15,17,19,20,24"
993,"2,4,5,7,9,10,12,14,17,20,21,22,23,24,25"
994,"3,5,7,8,9,11,12,13,14,15,16,18,22,23,25"
995,"1,2,3,4,7,8,9,12,13,14,17,20,22,23,24"
996,"2,3,4,6,7,9,13,16,17,18,20,21,23,24,25"
997,"2,4,5,7,9,10,12,15,16,17,18,19,22,23,24"
998,"1,2,3,4,5,9,11,12,14,17,19,20,21,22,23"
999,"1,2,5,6,7,8,10,12,13,14,15,16,18,21,24"
1000,"2,3,4,8,11,12,13,14,15,16,17,18,19,20,22"
1001,"5,6,7,8,10,11,12,13,14,17,19,20,21,23,25"
1002,"3,4,8,10,12,13,14,15,16,17,18,20,21,22,24"
1003,"1,2,3,6,8,10,12,14,16,17,19,20,21,23,25"
1004,"1,2,3,6,10,12,14,15,18,19,20,21,22,24,25"
1005,"1,5,7,9,10,12,14,15,16,18,19,20,21,22,24"
1006,"1,3,4,5,6,7,9,13,14,15,16,20,22,23,24"
1007,"1,2,3,6,7,9,10,11,12,18,20,22,23,24,25"
1008,"1,3,6,7,8,9,10,12,13,16,17,18,19,21,22"
1009,"2,4,6,9,10,11,12,14,15,17,18,19,20,22,24"
1010,"1,2,4,6,8,10,11,13,14,15,16,19,21,22,23"
1011,"1,3,4,5,7,9,10,13,15,17,18,19,23,24,25"
1012,"1,2,7,9,11,12,14,15,16,17,18,21,22,24,25"
1013,"1,2,3,4,5,7,10,11,13,17,18,19,20,21,23"
1014,"1,2,8,9,10,12,13,14,17,18,20,22,23,24,25"
1015,"1,2,3,5,6,7,8,13,15,16,17,18,20,21,23"
1016,"1,2,3,5,6,11,12,14,15,16,19,20,21,23,25"
1017,"1,2,3,4,8,9,10,11,12,15,16,17,19,21,23"
1018,"2,4,5,7,8,10,11,12,14,16,17,18,19,22,24"
1019,"1,2,3,4,5,7,8,10,12,17,18,20,21,22,23"
1020,"2,3,5,7,9,11,12,13,15,16,18,19,20,21,24"
1021,"1,5,6,9,10,13,14,15,16,18,19,20,21,22,23"
1022,"1,3,4,5,7,8,9,10,14,16,18,21,22,24,25"
1023,"1,2,3,6,7,8,9,11,13,14,16,18,21,22,23"
1024,"1,2,4,7,9,10,11,12,13,14,17,20,21,22,23"
1025,"1,2,7,9,11,13,14,15,16,17,18,19,22,23,25"
1026,"1,5,6,7,11,12,14,15,16,18,19,20,21,23,24"
1027,"1,3,5,6,8,9,10,12,14,15,16,19,21,23,25"
1028,"4,5,6,7,8,9,10,11,16,17,19,20,23,24,25"
1029,"1,2,3,6,8,11,13,14,17,18,19,22,23,24,25"
1030,"1,2,3,4,8,9,10,11,15,16,17,18,19,20,23"
1031,"1,2,4,5,6,9,11,12,14,15,17,19,20,22,24"
1032,"1,2,3,4,6,8,10,11,13,14,16,17,18,20,23"
1033,"3,4,6,7,8,12,13,14,16,17,18,21,22,23,24"
1034,"2,3,4,6,8,10,12,13,14,17,18,19,20,21,23"
1035,"4,6,7,9,12,13,14,15,18,19,20,21,22,23,25"
1036,"4,5,7,9,10,11,12,14,17,18,19,20,21,22,24"
1037,"1,5,6,9,10,11,12,15,17,18,20,21,23,24,25"
1038,"2,6,7,8,9,10,13,16,17,18,19,20,21,24,25"
1039,"1,2,3,8,9,12,13,14,15,18,19,20,21,22,24"
1040,"1,2,4,6,8,9,10,12,13,16,20,21,22,23,25"
1041,"1,3,5,7,10,12,13,15,17,19,20,21,23,24,25"
1042,"1,3,6,7,8,9,10,11,14,15,16,19,21,22,24"
1043,"1,2,6,7,8,9,10,11,12,14,17,18,19,24,25"
1044,"2,4,5,6,7,8,10,11,12,15,17,20,23,24,25"
1045,"2,3,5,6,9,11,15,16,17,20,21,22,23,24,25"
1046,"3,4,5,7,8,11,12,13,14,18,20,21,22,23,25"
1047,"4,7,8,9,10,11,12,15,16,17,20,21,22,24,25"
1048,"1,2,3,5,6,7,9,10,15,16,17,18,20,21,25"
1049,"2,4,5,9,12,14,16,17,18,19,20,21,22,23,25"
1050,"1,4,6,7,10,12,13,15,16,17,19,21,22,24,25"
1051,"2,3,4,7,8,10,11,13,14,16,18,20,21,23,25"
1052,"1,3,4,5,6,8,10,11,16,17,18,20,21,23,24"
1053,"1,2,3,4,6,11,12,13,14,15,17,18,22,23,24"
1054,"2,3,4,5,6,9,12,13,15,16,17,18,20,24,25"
1055,"1,2,3,7,8,9,10,12,13,14,18,22,23,24,25"
1056,"2,4,5,6,8,9,10,11,14,15,18,19,21,22,23"
1057,"1,4,6,7,8,9,11,13,14,16,19,20,21,23,25"
1058,"4,5,6,7,9,12,13,16,17,18,20,21,22,24,25"
1059,"1,2,3,5,7,8,11,14,15,16,19,20,21,22,24"
1060,"1,2,4,5,7,8,13,14,15,16,17,20,21,22,23"
1061,"2,3,5,7,8,9,12,14,15,16,19,21,22,23,24"
1062,"3,4,5,7,8,9,11,13,15,16,17,19,20,23,25"
1063,"2,5,6,7,10,12,13,14,15,16,20,21,22,24,25"
1064,"2,3,7,8,9,10,11,14,15,16,18,19,21,24,25"
1065,"2,3,4,5,6,12,14,15,17,19,20,21,22,24,25"
1066,"2,4,5,6,10,11,14,16,17,18,19,21,22,23,24"
1067,"1,2,3,4,5,7,10,11,13,14,15,17,21,22,25"
1068,"2,6,7,10,11,13,14,15,16,17,18,20,21,22,24"
1069,"1,3,4,8,10,11,12,13,15,16,17,22,23,24,25"
1070,"4,9,10,11,12,13,16,18,19,20,21,22,23,24,25"
1071,"2,3,4,5,6,10,11,12,13,14,16,17,21,22,24"
1072,"1,2,3,4,5,7,9,13,14,15,17,20,22,23,25"
1073,"1,3,4,5,6,7,13,16,17,19,20,21,22,23,24"
1074,"1,4,7,8,9,10,11,13,17,20,21,22,23,24,25"
1075,"1,2,6,9,10,12,15,16,17,18,21,22,23,24,25"
1076,"4,9,10,11,12,13,14,15,16,17,18,20,21,22,25"
1077,"1,2,5,6,7,8,10,12,13,14,15,19,20,21,24"
1078,"2,4,5,6,7,9,10,11,13,17,18,21,23,24,25"
1079,"5,6,7,8,11,13,14,15,16,17,19,20,21,22,24"
1080,"2,3,5,6,10,11,12,14,15,16,17,21,22,23,25"
1081,"1,5,6,7,10,12,13,14,15,16,18,19,21,22,23"
1082,"3,7,9,10,11,13,15,16,17,18,19,21,22,23,24"
1083,"1,2,3,4,6,11,13,16,17,18,20,21,22,23,24"
1084,"1,2,3,4,5,6,7,9,10,13,17,18,21,24,25"
1085,"3,6,7,8,9,10,14,16,18,19,21,22,23,24,25"
1086,"2,4,5,7,10,12,13,15,17,18,19,21,22,23,24"
1087,"2,3,4,6,9,12,13,16,17,18,19,20,21,23,24"
1088,"1,2,3,5,6,7,9,10,12,13,18,19,20,22,23"
1089,"2,3,4,6,8,12,13,14,15,16,19,21,22,23,24"
1090,"3,5,8,9,10,11,13,14,15,17,18,20,21,22,24"
1091,"2,4,5,6,7,9,10,12,13,14,16,20,23,24,25"
1092,"4,5,8,9,11,12,13,14,15,18,19,20,22,24,25"
1093,"1,2,4,5,6,9,10,11,13,18,21,22,23,24,25"
1094,"1,2,3,4,5,6,8,9,10,12,14,16,19,22,25"
1095,"2,3,5,6,7,9,15,16,17,18,21,22,23,24,25"
1096,"1,2,4,7,8,10,12,13,14,15,20,21,22,23,25"
1097,"4,5,6,9,10,12,14,15,16,18,19,20,23,24,25"
1098,"3,4,5,7,8,10,11,12,14,15,16,18,23,24,25"
1099,"2,3,6,7,8,11,12,13,14,16,21,22,23,24,25"
1100,"5,6,7,9,10,11,12,14,15,16,18,19,20,23,24"
1101,"1,2,3,6,9,10,11,13,15,17,18,19,23,24,25"
1102,"2,3,5,6,8,12,14,15,18,19,20,21,22,23,24"
1103,"2,4,5,7,9,10,11,12,14,16,18,20,21,22,25"
1104,"2,5,6,8,9,11,13,14,15,16,18,19,21,22,23"
1105,"1,2,4,6,7,9,11,13,15,17,18,20,23,24,25"
1106,"2,3,4,9,10,11,12,13,14,15,16,19,21,23,24"
1107,"1,2,4,8,9,10,11,12,14,16,18,19,20,21,24"
1108,"1,2,4,5,7,8,9,12,13,14,17,21,22,24,25"
1109,"1,4,5,6,7,8,9,10,11,17,18,19,20,21,25"
1110,"1,2,3,4,6,9,10,15,17,18,19,20,22,24,25"
1111,"2,3,4,6,9,11,12,13,14,15,16,22,23,24,25"
1112,"1,2,3,6,7,8,12,13,15,16,17,18,20,22,24"
1113,"1,3,6,7,9,12,13,14,15,17,19,20,22,24,25"
1114,"1,2,3,4,5,6,8,10,11,12,15,18,19,20,22"
1115,"2,3,7,8,9,10,11,12,17,18,20,22,23,24,25"
1116,"1,2,3,4,5,6,9,12,15,17,18,21,22,24,25"
1117,"1,2,3,5,7,8,11,12,13,14,15,16,19,21,23"
1118,"1,2,5,6,8,10,11,13,14,15,20,21,23,24,25"
1119,"1,2,3,5,6,7,8,10,12,14,15,17,18,20,23"
1120,"2,4,5,6,8,9,10,12,13,14,16,17,18,19,24"
1121,"1,2,4,5,6,8,9,11,12,17,18,20,22,23,25"
1122,"2,3,7,10,11,12,13,14,16,19,20,21,23,24,25"
1123,"2,4,6,7,8,10,11,13,15,16,17,19,22,23,24"
1124,"1,3,4,5,6,8,10,12,13,15,19,21,22,24,25"
1125,"1,3,4,6,9,11,12,13,15,16,17,18,21,22,25"
1126,"3,5,6,7,8,12,13,16,17,18,19,22,23,24,25"
1127,"1,3,4,6,8,9,11,13,14,15,16,17,22,23,24"
1128,"1,2,3,4,6,7,10,11,12,14,16,17,20,24,25"
1129,"2,3,4,5,7,8,12,13,16,17,18,19,21,22,23"
1130,"1,2,5,8,10,11,12,13,14,15,17,20,22,24,25"
1131,"2,3,4,6,12,14,15,16,17,19,20,21,22,24,25"
1132,"1,2,6,7,8,9,11,12,13,14,17,21,22,23,24"
1133,"2,4,5,6,7,8,9,10,12,13,14,16,18,24,25"
1134,"1,2,4,8,10,11,12,13,14,15,17,18,20,23,25"
1135,"3,4,5,8,9,10,12,15,16,17,18,19,23,24,25"
1136,"1,2,5,6,7,9,10,11,15,17,18,19,21,22,24"
1137,"2,4,5,7,8,9,10,11,12,15,19,20,21,23,25"
1138,"1,2,3,5,6,7,10,11,13,15,16,18,20,21,22"
1139,"1,2,3,6,11,13,14,15,16,17,18,19,21,22,25"
1140,"3,4,5,6,7,8,10,15,18,19,20,21,23,24,25"
1141,"5,6,9,10,11,12,13,15,16,17,18,22,23,24,25"
1142,"2,4,7,8,9,10,12,13,15,16,19,20,22,23,24"
1143,"1,3,4,6,10,11,12,13,14,16,17,18,23,24,25"
1144,"2,3,4,6,7,8,10,13,14,17,18,19,23,24,25"
1145,"3,4,5,6,8,9,11,13,14,15,16,17,18,23,24"
1146,"2,3,4,5,7,11,13,15,17,18,19,21,22,24,25"
1147,"1,6,7,8,9,11,12,14,15,16,18,19,20,22,25"
1148,"1,3,4,5,6,9,10,13,14,16,17,18,19,20,24"
1149,"1,2,3,6,7,8,10,12,15,17,18,19,21,22,23"
1150,"5,7,8,9,11,12,13,14,15,17,18,20,22,23,24"
1151,"1,3,7,9,10,11,12,14,15,16,20,21,22,24,25"
1152,"3,4,5,7,8,9,10,12,16,18,19,20,21,22,25"
1153,"1,2,3,5,6,8,9,12,13,15,18,19,20,24,25"
1154,"1,3,4,5,10,11,13,15,16,17,19,21,23,24,25"
1155,"1,2,3,4,8,9,12,13,15,16,18,19,22,24,25"
1156,"1,3,4,6,7,11,12,13,14,15,17,21,22,24,25"
1157,"2,4,5,6,7,8,11,12,13,15,16,18,21,22,24"
1158,"2,3,5,7,10,13,14,15,16,17,19,20,22,24,25"
1159,"1,2,3,4,6,8,9,14,15,16,17,22,23,24,25"
1160,"2,4,5,6,7,8,10,11,15,16,17,18,21,22,25"
1161,"1,2,4,5,6,8,10,11,15,17,18,19,22,24,25"
1162,"1,3,4,7,9,11,13,15,18,19,20,21,23,24,25"
1163,"2,6,7,9,11,12,13,14,16,17,19,20,21,23,24"
1164,"3,4,5,8,10,11,13,15,17,20,21,22,23,24,25"
1165,"1,2,3,5,8,9,10,12,15,17,18,19,21,22,25"
1166,"2,4,5,6,9,10,12,14,15,17,18,19,20,21,24"
1167,"1,2,4,5,7,8,9,11,12,14,15,16,18,21,23"
1168,"1,3,4,5,7,8,9,10,11,13,16,19,23,24,25"
1169,"2,3,4,7,8,9,12,15,16,17,18,21,22,24,25"
1170,"1,2,4,7,8,10,13,15,16,18,19,20,21,22,25"
1171,"1,7,8,11,12,13,14,15,16,17,18,20,21,22,23"
1172,"2,6,8,9,10,11,12,13,14,16,19,20,23,24,25"
1173,"1,2,4,5,7,8,9,11,14,16,18,19,20,21,22"
1174,"1,2,3,5,6,8,9,10,11,13,15,17,18,19,23"
1175,"1,3,4,8,10,12,13,14,15,19,20,21,23,24,25"
1176,"2,3,5,7,10,11,12,13,15,16,18,19,20,23,25"
1177,"2,3,5,6,8,9,10,11,12,16,17,20,22,23,25"
1178,"1,4,7,8,9,11,12,16,17,18,19,20,21,23,24"
1179,"1,2,3,5,6,7,8,9,13,15,18,19,20,21,25"
1180,"1,2,6,7,8,9,10,11,13,14,15,19,20,22,23"
1181,"3,4,5,6,7,8,9,11,13,14,20,21,22,23,24"
1182,"3,6,7,8,10,12,13,16,18,19,20,21,22,24,25"
1183,"1,3,4,9,11,13,14,15,16,18,19,20,22,24,25"
1184,"2,4,6,7,10,11,12,14,16,17,18,19,20,21,25"
1185,"3,5,6,7,9,13,14,16,18,19,21,22,23,24,25"
1186,"1,2,4,5,6,9,11,14,15,16,18,20,22,23,24"
1187,"1,2,4,7,8,10,11,12,14,16,19,21,22,23,25"
1188,"1,2,4,5,6,8,10,12,13,14,18,20,22,23,24"
1189,"3,4,5,8,9,12,13,14,15,17,18,19,20,21,25"
1190,"2,3,4,6,9,10,11,14,15,16,17,21,22,23,25"
1191,"1,2,3,5,7,10,12,13,14,16,17,18,22,24,25"
1192,"1,2,3,4,5,6,9,11,12,13,15,16,19,20,21"
1193,"1,4,7,8,9,10,13,14,15,18,19,20,22,23,25"
1194,"2,4,8,9,10,12,15,16,17,18,19,22,23,24,25"
1195,"1,5,6,9,10,11,12,14,15,17,18,19,20,22,25"
1196,"1,2,4,6,7,8,9,11,12,16,17,18,19,20,23"
1197,"1,4,5,6,7,8,11,13,14,16,17,18,20,24,25"
1198,"1,3,4,6,7,9,10,11,15,17,20,21,22,23,25"
1199,"1,2,3,4,5,6,10,14,15,16,19,21,22,24,25"
1200,"3,4,5,6,7,8,10,11,12,14,15,16,22,24,25"
1201,"5,6,9,10,11,14,16,18,19,20,21,22,23,24,25"
1202,"2,3,4,8,10,13,14,16,17,18,19,20,23,24,25"
1203,"1,2,3,5,6,11,12,13,14,15,17,22,23,24,25"
1204,"1,2,5,7,8,9,12,13,15,16,19,20,21,22,23"
1205,"1,3,6,8,9,11,12,14,17,18,20,21,22,24,25"
1206,"1,3,5,7,10,11,13,14,15,18,21,22,23,24,25"
1207,"1,3,4,7,9,10,11,12,13,14,15,18,19,21,24"
1208,"1,2,3,4,5,10,11,14,15,18,19,20,22,24,25"
1209,"3,4,5,7,8,9,10,11,14,15,16,18,19,20,24"
1210,"1,2,4,8,10,11,13,15,16,18,19,20,21,22,25"
1211,"1,2,3,5,7,10,11,12,13,15,16,17,20,23,24"
1212,"1,2,3,5,6,7,8,9,10,15,16,17,18,20,24"
1213,"2,3,5,6,7,8,9,10,14,17,18,20,23,24,25"
1214,"1,2,3,4,5,7,8,9,13,14,18,19,20,21,23"
1215,"3,7,9,11,12,13,14,15,16,17,18,20,21,22,24"
1216,"1,2,3,7,10,12,14,15,17,18,20,21,22,23,24"
1217,"1,3,6,7,8,9,10,11,12,13,17,19,20,24,25"
1218,"1,2,3,4,5,7,9,10,11,13,14,18,20,21,23"
1219,"2,3,4,5,6,8,9,10,14,16,19,20,22,23,25"
1220,"2,3,4,5,6,7,9,13,14,17,18,19,20,23,25"
1221,"2,3,4,6,9,10,12,14,15,18,19,21,22,23,24"
1222,"1,2,3,4,5,8,9,10,11,13,15,17,20,22,24"
1223,"2,6,7,8,9,10,13,14,16,17,18,20,21,22,23"
1224,"1,2,4,5,6,8,9,11,12,14,15,16,17,18,19"
1225,"2,3,5,7,11,13,14,15,17,18,20,21,23,24,25"
1226,"1,3,5,7,8,10,11,14,15,17,19,21,22,23,24"
1227,"1,2,7,8,9,10,11,12,13,14,17,19,21,22,25"
1228,"1,2,3,4,6,7,9,10,12,13,17,20,22,23,24"
1229,"1,2,3,5,6,7,8,13,14,17,19,20,22,24,25"
1230,"1,2,3,5,6,7,8,10,11,12,13,17,18,19,21"
1231,"1,3,4,5,7,8,12,13,15,16,18,20,21,22,25"
1232,"2,3,5,6,9,10,13,14,15,16,19,21,23,24,25"
1233,"1,4,5,9,10,13,14,15,16,17,18,19,22,23,25"
1234,"1,2,5,8,9,10,14,16,17,18,19,20,21,24,25"
1235,"1,2,3,4,6,9,10,11,12,13,15,17,18,20,24"
1236,"1,2,3,5,6,7,9,10,11,12,13,17,19,23,25"
1237,"3,5,6,7,8,9,10,12,13,14,18,21,22,24,25"
1238,"2,3,5,7,8,9,11,13,14,15,16,17,18,21,25"
1239,"5,6,8,9,10,11,12,13,14,15,16,18,20,22,24"
1240,"1,2,3,4,5,6,9,12,13,16,18,19,20,22,24"
1241,"1,4,5,8,9,10,11,12,13,15,17,20,22,24,25"
1242,"1,2,4,5,7,11,14,15,16,19,20,21,23,24,25"
1243,"1,2,4,5,6,8,12,13,14,15,16,17,22,24,25"
1244,"1,3,5,7,9,10,11,12,13,16,17,19,21,23,25"
1245,"2,3,4,5,6,8,9,11,15,16,17,18,19,21,25"
1246,"1,4,7,8,9,10,12,13,16,17,18,19,22,24,25"
1247,"2,3,7,8,9,11,15,16,17,18,19,20,23,24,25"
1248,"1,3,5,10,11,12,13,15,16,17,19,20,22,24,25"
1249,"3,4,5,6,9,12,13,14,15,18,19,20,22,24,25"
1250,"2,3,4,5,7,9,10,14,15,17,18,19,20,24,25"
1251,"2,6,7,8,9,10,14,15,16,17,19,20,21,23,25"
1252,"1,3,4,5,6,8,9,10,11,12,15,20,21,23,24"
1253,"1,2,3,5,6,7,11,15,16,18,20,22,23,24,25"
1254,"2,3,8,9,11,12,14,15,16,17,18,20,21,22,23"
1255,"1,2,4,6,7,9,10,13,14,16,18,20,21,23,25"
1256,"1,2,6,8,10,11,12,13,14,15,16,18,19,22,23"
1257,"1,2,5,6,8,10,11,12,13,14,16,19,20,22,25"
1258,"2,3,4,5,6,8,9,10,12,13,14,20,21,23,25"
1259,"2,5,8,9,10,13,14,16,17,18,19,20,22,23,25"
1260,"1,2,3,4,5,6,7,11,14,15,17,18,20,22,24"
1261,"1,4,5,7,10,12,15,16,17,18,19,20,21,22,25"
1262,"1,3,4,6,8,11,12,13,16,17,20,21,22,23,24"
1263,"3,4,5,8,9,10,11,12,13,16,18,20,22,23,25"
1264,"1,4,5,8,10,11,12,14,17,18,21,22,23,24,25"
1265,"1,2,3,4,7,11,13,14,15,16,19,22,23,24,25"
1266,"1,2,3,5,6,8,9,10,11,13,14,15,20,23,24"
1267,"2,3,5,6,7,9,11,12,13,15,16,17,18,22,25"
1268,"1,2,3,6,7,8,11,12,13,15,17,18,21,22,24"
1269,"1,4,5,7,8,11,13,14,16,17,18,20,21,22,23"
1270,"1,2,3,4,5,6,8,9,10,11,13,20,21,23,25"
1271,"1,2,4,6,8,9,11,12,13,14,17,18,23,24,25"
1272,"1,4,7,9,10,14,15,17,18,19,20,21,23,24,25"
1273,"1,3,5,6,8,11,12,13,14,15,18,19,20,22,24"
1274,"1,3,7,8,10,11,12,13,14,15,18,19,20,22,25"
1275,"3,6,7,8,10,11,13,14,15,16,17,18,20,23,25"
1276,"1,3,5,7,10,12,14,15,16,18,19,21,22,23,24"
1277,"1,2,3,4,6,9,10,12,13,15,17,18,21,22,25"
1278,"4,6,7,9,10,12,15,16,17,18,19,20,21,22,24"
1279,"1,3,4,7,8,9,11,12,13,14,16,18,19,21,23"
1280,"1,3,4,5,7,9,11,14,15,17,19,22,23,24,25"
1281,"1,3,5,6,8,9,12,13,15,19,21,22,23,24,25"
1282,"5,6,7,9,10,11,12,14,17,19,20,21,22,23,25"
1283,"2,6,7,8,9,10,11,12,13,15,16,17,18,22,23"
1284,"2,4,5,7,8,10,11,13,16,17,18,20,22,23,25"
1285,"1,2,6,7,10,11,12,15,16,17,18,20,22,24,25"
1286,"1,3,4,5,7,10,11,12,16,17,19,20,21,23,25"
1287,"3,4,5,6,9,11,13,17,18,19,21,22,23,24,25"
1288,"1,2,5,9,10,13,15,16,17,18,19,20,23,24,25"
1289,"1,2,5,7,8,11,13,15,16,17,18,20,22,24,25"
1290,"1,3,4,5,6,11,13,14,16,19,20,21,22,23,25"
1291,"1,6,7,8,10,11,12,13,15,16,18,19,20,21,24"
1292,"1,2,3,7,8,10,11,14,15,17,19,22,23,24,25"
1293,"1,2,7,8,9,10,11,12,13,15,17,18,20,22,24"
1294,"2,5,6,7,8,10,11,12,13,14,16,18,20,23,25"
1295,"3,6,9,10,11,12,13,14,15,17,18,19,23,24,25"
1296,"5,7,9,10,11,14,15,16,17,18,19,20,21,23,25"
1297,"1,2,5,6,7,8,9,10,11,12,16,17,18,19,22"
1298,"2,3,4,6,7,9,12,17,18,20,21,22,23,24,25"
1299,"1,3,5,7,8,11,13,17,18,19,20,21,22,23,25"
1300,"2,6,7,9,10,11,12,13,14,15,18,20,23,24,25"
1301,"1,2,3,4,6,7,9,10,14,16,17,19,22,24,25"
1302,"3,4,6,9,11,12,13,14,15,16,17,18,20,22,25"
1303,"1,5,8,9,10,11,13,14,15,16,18,19,20,22,23"
1304,"1,2,3,7,8,10,11,13,14,17,18,19,20,21,25"
1305,"2,3,4,5,6,7,8,11,12,13,15,17,20,23,25"
1306,"1,2,5,6,7,9,12,13,14,15,18,19,20,22,23"
1307,"3,4,6,8,9,10,12,13,14,15,16,18,20,21,23"
1308,"3,5,6,7,8,9,11,14,16,17,19,20,22,23,25"
1309,"2,4,5,6,8,10,12,13,14,16,18,19,20,24,25"
1310,"1,2,3,4,5,7,8,10,11,15,17,18,19,21,23"
1311,"2,3,5,6,8,10,11,12,14,15,17,18,20,23,25"
1312,"1,2,4,5,6,7,9,11,13,18,19,20,23,24,25"
1313,"1,4,8,10,11,13,15,16,17,20,21,22,23,24,25"
1314,"3,5,8,9,10,11,14,15,16,18,19,21,22,24,25"
1315,"1,2,3,4,5,8,10,11,12,14,16,18,19,23,25"
1316,"1,2,3,4,5,6,11,12,15,17,19,20,23,24,25"
1317,"1,3,5,7,8,9,10,11,14,16,20,22,23,24,25"
1318,"1,2,3,4,6,7,8,9,12,13,14,15,17,20,23"
1319,"3,5,6,8,9,10,11,13,14,15,17,19,22,23,25"
1320,"2,3,4,5,9,11,12,13,15,16,17,21,22,23,25"
1321,"2,3,4,6,7,9,10,11,13,14,18,19,20,23,24"
1322,"1,2,6,7,8,9,11,13,15,16,17,18,21,24,25"
1323,"1,4,5,6,9,10,11,13,14,17,19,20,21,22,23"
1324,"1,4,5,6,7,8,10,11,13,17,18,19,21,24,25"
1325,"2,3,5,6,7,9,10,14,15,16,18,19,20,21,25"
1326,"1,3,4,6,8,9,10,17,18,19,20,21,22,24,25"
1327,"1,3,4,5,7,10,13,14,16,17,18,20,22,23,25"
1328,"2,5,6,8,9,10,13,15,16,17,21,22,23,24,25"
1329,"2,3,4,5,7,10,11,13,15,16,18,22,23,24,25"
1330,"4,5,7,10,12,13,16,17,18,19,20,22,23,24,25"
1331,"1,2,3,5,6,7,10,11,14,15,16,18,23,24,25"
1332,"1,4,5,6,8,11,12,13,14,15,16,18,20,21,24"
1333,"3,4,5,7,8,9,10,11,12,14,17,18,20,22,24"
1334,"3,4,6,7,9,10,11,13,15,16,17,18,19,21,22"
1335,"1,3,4,6,7,9,10,11,13,16,17,18,23,24,25"
1336,"6,8,9,10,11,12,13,14,15,17,18,19,20,22,24"
1337,"1,3,5,6,8,9,10,12,13,15,16,19,21,23,25"
1338,"1,2,3,4,6,7,10,11,12,13,14,15,16,17,19"
1339,"2,3,4,5,6,7,8,11,13,14,16,20,21,23,24"
1340,"1,2,4,5,7,9,10,12,13,14,16,17,18,19,22"
1341,"1,3,4,8,9,10,13,14,15,16,17,20,21,23,24"
1342,"1,2,3,5,9,10,11,12,13,15,20,21,23,24,25"
1343,"2,4,5,9,10,11,13,14,15,16,17,19,21,23,24"
1344,"2,4,6,7,8,10,11,12,13,17,18,21,23,24,25"
1345,"1,3,7,8,9,10,11,14,15,17,19,21,22,24,25"
1346,"2,3,5,7,8,10,11,14,15,18,19,20,21,23,25"
1347,"1,3,5,6,7,8,10,12,13,14,17,18,20,23,24"
1348,"1,2,6,7,8,9,10,14,15,18,20,21,22,24,25"
1349,"2,3,4,5,6,7,8,12,14,16,18,19,21,24,25"
1350,"1,5,6,8,9,11,12,13,14,16,18,19,20,21,23"
1351,"2,4,6,7,10,11,13,17,19,20,21,22,23,24,25"
1352,"6,8,10,11,12,13,14,15,16,19,20,21,23,24,25"
1353,"3,5,7,8,9,10,11,12,14,18,21,22,23,24,25"
1354,"1,2,3,5,7,9,11,12,13,14,15,18,20,21,24"
1355,"1,2,3,4,6,7,8,11,15,16,18,20,21,22,24"
1356,"3,4,6,8,9,10,11,12,13,14,15,16,17,19,20"
1357,"3,7,8,9,10,11,12,13,15,17,18,20,21,22,23"
1358,"1,2,3,4,6,8,9,13,15,17,18,19,20,22,23"
1359,"3,5,7,8,9,11,13,14,15,16,17,18,20,21,23"
1360,"1,2,3,4,5,6,8,10,11,12,14,18,20,23,24"
1361,"1,4,5,11,12,13,14,15,16,17,18,19,20,23,25"
1362,"1,3,4,6,9,10,11,12,13,16,21,22,23,24,25"
1363,"5,7,9,10,12,13,14,15,16,17,19,20,21,22,23"
1364,"1,6,9,10,11,12,13,15,16,17,18,20,22,24,25"
1365,"2,3,6,9,10,12,14,15,19,20,21,22,23,24,25"
1366,"4,8,9,10,11,12,13,14,15,16,17,21,22,24,25"
1367,"2,3,4,5,6,7,9,14,15,16,17,18,20,23,24"
1368,"5,7,8,10,11,12,14,16,18,19,20,22,23,24,25"
1369,"3,4,5,9,10,11,12,13,14,16,17,18,21,22,24"
1370,"2,4,5,7,8,11,13,14,17,18,20,21,22,24,25"
1371,"3,4,5,7,13,15,17,18,19,20,21,22,23,24,25"
1372,"1,2,3,5,7,9,10,13,15,16,17,18,21,23,25"
1373,"1,2,3,4,5,6,7,8,12,17,18,20,21,23,24"
1374,"2,3,4,5,6,9,10,14,15,16,19,20,21,23,25"
1375,"1,5,6,9,10,11,14,15,16,18,20,22,23,24,25"
1376,"1,3,4,5,6,12,13,14,15,16,18,19,20,22,24"
1377,"1,5,6,8,9,10,12,13,15,17,19,20,21,22,25"
1378,"1,2,3,6,8,10,12,13,17,19,20,21,23,24,25"
1379,"1,2,4,5,7,8,9,10,12,14,15,17,18,21,22"
1380,"3,4,5,6,8,11,12,14,15,16,17,21,22,24,25"
1381,"1,4,6,8,9,10,12,13,14,16,17,18,19,21,25"
1382,"1,6,10,12,13,14,15,16,17,18,19,20,21,22,24"
1383,"2,6,7,8,9,13,14,15,16,17,20,21,22,24,25"
1384,"3,4,6,8,9,11,12,13,15,18,19,20,22,24,25"
1385,"4,5,8,9,10,11,12,13,14,15,17,18,19,20,23"
1386,"1,2,3,4,7,9,13,16,17,18,19,21,22,24,25"
1387,"1,3,4,5,6,7,9,11,12,13,14,15,16,18,24"
1388,"1,3,5,7,8,10,11,12,15,18,19,20,21,23,25"
1389,"1,2,4,5,6,8,10,12,14,15,16,17,18,20,21"
1390,"3,5,6,7,8,11,13,14,15,16,17,18,20,21,23"
1391,"1,3,5,6,10,11,12,15,16,17,19,20,21,24,25"
1392,"1,2,3,4,8,9,14,15,16,17,18,20,21,22,25"
1393,"3,4,5,7,9,10,11,12,13,14,17,18,20,22,23"
1394,"3,4,5,6,9,10,11,14,15,16,18,19,21,22,23"
1395,"5,6,7,8,11,12,13,14,16,17,18,19,22,23,25"
1396,"3,5,6,7,10,12,13,17,18,19,20,22,23,24,25"
1397,"1,3,4,5,6,8,9,11,12,13,14,18,21,22,25"
1398,"1,4,5,6,7,8,11,14,15,16,19,20,21,24,25"
1399,"4,5,6,8,9,12,13,14,15,17,19,21,22,24,25"
1400,"1,2,3,5,6,9,10,12,16,19,21,22,23,24,25"
1401,"1,3,4,5,6,7,8,14,15,18,19,21,22,24,25"
1402,"2,3,4,5,8,9,11,12,14,15,16,19,20,21,23"
1403,"3,4,5,8,9,10,11,12,13,15,16,17,21,23,25"
1404,"1,2,3,4,8,10,11,13,15,16,18,19,21,22,25"
1405,"2,3,4,7,9,10,11,14,15,16,18,19,20,23,24"
1406,"2,3,4,5,6,9,11,13,15,19,20,21,22,24,25"
1407,"1,2,4,5,6,7,10,12,13,20,21,22,23,24,25"
1408,"1,3,5,8,10,11,12,13,14,19,21,22,23,24,25"
1409,"1,2,4,6,7,8,11,12,14,16,17,19,22,24,25"
1410,"2,3,4,5,6,7,9,10,14,15,16,17,20,21,23"
1411,"1,5,6,7,8,9,10,12,13,14,15,16,17,21,23"
1412,"5,6,7,9,11,13,15,16,18,19,21,22,23,24,25"
1413,"2,3,4,5,6,7,8,9,10,13,16,17,18,21,25"
1414,"2,3,4,5,7,9,10,11,13,14,16,17,20,21,23"
1415,"2,4,5,6,10,12,13,15,17,18,19,22,23,24,25"
1416,"3,4,5,7,8,9,10,12,14,15,17,18,19,20,24"
1417,"1,2,3,4,6,7,9,11,13,14,15,18,19,22,23"
1418,"2,4,6,9,10,11,13,14,15,17,18,20,21,22,23"
1419,"2,3,6,7,11,12,15,16,17,18,19,20,21,23,24"
1420,"1,4,6,7,8,10,13,14,15,16,17,20,22,23,25"
1421,"3,5,6,7,8,9,11,12,14,17,18,19,20,23,24"
1422,"1,4,5,7,10,11,13,14,15,16,17,19,22,23,24"
1423,"1,2,4,5,7,8,11,12,13,14,15,16,19,22,23"
1424,"2,4,5,6,8,9,10,11,13,17,18,20,21,23,25"
1425,"1,3,4,5,8,9,11,12,13,14,16,19,20,21,25"
1426,"2,3,4,7,8,10,12,14,15,16,18,22,23,24,25"
1427,"1,2,7,10,11,12,14,15,16,17,18,19,20,22,25"
